Image,Face_ID,Predicted_Class,Age_Group,Confidence(%),Status
clear_skin_001.jpg,1,Dark spots,25-40,28.81999969482422,WRONG
clear_skin_002.jpg,-,-,-,0.0,NO FACE DETECTED
clear_skin_003.jpg,-,-,-,0.0,NO FACE DETECTED
clear_skin_004.jpg,-,-,-,0.0,NO FACE DETECTED
clear_skin_005.jpg,-,-,-,0.0,NO FACE DETECTED
clear_skin_006.jpg,-,-,-,0.0,NO FACE DETECTED
clear_skin_007.jpg,-,-,-,0.0,NO FACE DETECTED
clear_skin_008.jpg,1,Dark spots,25-40,28.84000015258789,WRONG
clear_skin_009.jpg,-,-,-,0.0,NO FACE DETECTED
clear_skin_010.jpg,1,Dark spots,25-40,28.829999923706055,WRONG
clear_skin_011.jpg,1,Dark spots,25-40,28.81999969482422,WRONG
clear_skin_012.jpg,-,-,-,0.0,NO FACE DETECTED
clear_skin_013.jpg,-,-,-,0.0,NO FACE DETECTED
clear_skin_014.jpg,-,-,-,0.0,NO FACE DETECTED
clear_skin_015.jpg,-,-,-,0.0,NO FACE DETECTED
clear_skin_016.jpg,1,Dark spots,25-40,28.829999923706055,WRONG
clear_skin_017.jpg,1,Dark spots,25-40,28.81999969482422,WRONG
clear_skin_018.jpg,-,-,-,0.0,NO FACE DETECTED
clear_skin_019.jpg,1,Dark spots,25-40,28.809999465942383,WRONG
clear_skin_020.jpg,1,Dark spots,25-40,28.829999923706055,WRONG
clear_skin_021.jpg,-,-,-,0.0,NO FACE DETECTED
clear_skin_022.jpg,1,Dark spots,25-40,28.850000381469727,WRONG
clear_skin_023.jpg,-,-,-,0.0,NO FACE DETECTED
clear_skin_024.jpg,1,Dark spots,25-40,28.81999969482422,WRONG
clear_skin_025.jpg,-,-,-,0.0,NO FACE DETECTED
clear_skin_026.jpg,1,Dark spots,25-40,28.81999969482422,WRONG
clear_skin_027.jpg,1,Dark spots,25-40,28.84000015258789,WRONG
clear_skin_028.jpg,-,-,-,0.0,NO FACE DETECTED
clear_skin_029.jpg,1,Dark spots,25-40,28.829999923706055,WRONG
clear_skin_030.jpg,1,Dark spots,25-40,28.81999969482422,WRONG
clear_skin_031.jpg,-,-,-,0.0,NO FACE DETECTED
clear_skin_032.jpg,1,Dark spots,25-40,28.81999969482422,WRONG
clear_skin_033.jpg,-,-,-,0.0,NO FACE DETECTED
clear_skin_034.jpg,1,Dark spots,25-40,28.829999923706055,WRONG
clear_skin_035.jpg,1,Dark spots,25-40,28.81999969482422,WRONG
clear_skin_036.jpg,1,Dark spots,25-40,28.84000015258789,WRONG
clear_skin_037.jpg,1,Dark spots,25-40,28.81999969482422,WRONG
clear_skin_038.jpg,1,Dark spots,25-40,28.81999969482422,WRONG
clear_skin_039.jpg,1,Dark spots,25-40,28.84000015258789,WRONG
clear_skin_040.jpg,-,-,-,0.0,NO FACE DETECTED
clear_skin_041.jpg,1,Dark spots,25-40,28.81999969482422,WRONG
clear_skin_042.jpg,1,Dark spots,25-40,28.809999465942383,WRONG
clear_skin_043.jpg,1,Dark spots,25-40,28.850000381469727,WRONG
clear_skin_044.jpg,1,Dark spots,25-40,28.84000015258789,WRONG
clear_skin_045.jpg,1,Dark spots,25-40,28.829999923706055,WRONG
clear_skin_046.jpg,1,Dark spots,25-40,28.829999923706055,WRONG
clear_skin_047.jpg,1,Dark spots,25-40,28.81999969482422,WRONG
clear_skin_047.jpg,2,Dark spots,25-40,28.829999923706055,WRONG
clear_skin_048.jpg,1,Dark spots,25-40,28.829999923706055,WRONG
clear_skin_049.jpg,-,-,-,0.0,NO FACE DETECTED
clear_skin_050.jpg,1,Dark spots,25-40,28.84000015258789,WRONG
clear_skin_051.jpg,1,Dark spots,25-40,28.829999923706055,WRONG
clear_skin_052.jpg,1,Dark spots,25-40,28.829999923706055,WRONG
clear_skin_053.jpg,-,-,-,0.0,NO FACE DETECTED
clear_skin_054.jpg,1,Dark spots,25-40,28.850000381469727,WRONG
clear_skin_055.jpg,-,-,-,0.0,NO FACE DETECTED
clear_skin_056.jpg,1,Dark spots,25-40,28.829999923706055,WRONG
clear_skin_057.jpg,-,-,-,0.0,NO FACE DETECTED
clear_skin_058.jpg,1,Dark spots,25-40,28.84000015258789,WRONG
clear_skin_059.jpg,1,Dark spots,25-40,28.81999969482422,WRONG
clear_skin_060.jpg,-,-,-,0.0,NO FACE DETECTED
clear_skin_061.jpg,1,Dark spots,25-40,28.81999969482422,WRONG
clear_skin_062.jpg,1,Dark spots,25-40,28.850000381469727,WRONG
clear_skin_063.jpg,1,Dark spots,25-40,28.799999237060547,WRONG
clear_skin_064.jpg,-,-,-,0.0,NO FACE DETECTED
clear_skin_065.jpg,1,Dark spots,25-40,28.81999969482422,WRONG
clear_skin_066.jpg,-,-,-,0.0,NO FACE DETECTED
clear_skin_067.jpg,-,-,-,0.0,NO FACE DETECTED
clear_skin_068.jpg,1,Dark spots,25-40,28.84000015258789,WRONG
clear_skin_069.jpg,1,Dark spots,25-40,28.84000015258789,WRONG
clear_skin_070.jpg,-,-,-,0.0,NO FACE DETECTED
clear_skin_071.jpg,-,-,-,0.0,NO FACE DETECTED
clear_skin_072.jpg,1,Dark spots,25-40,28.850000381469727,WRONG
clear_skin_073.jpg,1,Dark spots,25-40,28.81999969482422,WRONG
clear_skin_074.jpg,-,-,-,0.0,NO FACE DETECTED
clear_skin_075.jpg,1,Dark spots,25-40,28.770000457763672,WRONG
clear_skin_076.jpg,-,-,-,0.0,NO FACE DETECTED
clear_skin_077.jpg,1,Dark spots,25-40,28.84000015258789,WRONG
clear_skin_078.jpg,-,-,-,0.0,NO FACE DETECTED
clear_skin_079.jpg,-,-,-,0.0,NO FACE DETECTED
clear_skin_080.jpg,-,-,-,0.0,NO FACE DETECTED
clear_skin_081.jpg,-,-,-,0.0,NO FACE DETECTED
clear_skin_082.jpg,1,Dark spots,25-40,28.829999923706055,WRONG
clear_skin_083.jpg,1,Dark spots,25-40,28.84000015258789,WRONG
clear_skin_084.jpg,1,Dark spots,25-40,28.829999923706055,WRONG
clear_skin_084.jpg,2,Dark spots,25-40,28.799999237060547,WRONG
clear_skin_085.jpg,1,Dark spots,25-40,28.829999923706055,WRONG
clear_skin_086.jpg,1,Dark spots,25-40,28.809999465942383,WRONG
clear_skin_087.jpg,-,-,-,0.0,NO FACE DETECTED
clear_skin_088.jpg,-,-,-,0.0,NO FACE DETECTED
clear_skin_089.jpg,1,Dark spots,25-40,28.81999969482422,WRONG
clear_skin_090.jpg,-,-,-,0.0,NO FACE DETECTED
clear_skin_091.jpg,1,Dark spots,25-40,28.809999465942383,WRONG
clear_skin_092.jpg,1,Dark spots,25-40,28.81999969482422,WRONG
clear_skin_093.jpg,1,Dark spots,25-40,28.829999923706055,WRONG
clear_skin_094.jpg,1,Dark spots,25-40,28.81999969482422,WRONG
clear_skin_094.jpg,2,Dark spots,25-40,28.829999923706055,WRONG
clear_skin_095.jpg,1,Dark spots,25-40,28.829999923706055,WRONG
clear_skin_096.jpg,1,Dark spots,25-40,28.829999923706055,WRONG
clear_skin_097.jpg,1,Dark spots,25-40,28.829999923706055,WRONG
clear_skin_098.jpg,-,-,-,0.0,NO FACE DETECTED
clear_skin_099.jpg,1,Dark spots,25-40,28.84000015258789,WRONG
clear_skin_100.jpg,-,-,-,0.0,NO FACE DETECTED
clear_skin_101.jpg,1,Dark spots,25-40,28.829999923706055,WRONG
clear_skin_102.jpg,-,-,-,0.0,NO FACE DETECTED
clear_skin_103.jpg,-,-,-,0.0,NO FACE DETECTED
clear_skin_104.jpg,1,Dark spots,25-40,28.81999969482422,WRONG
clear_skin_105.jpg,1,Dark spots,25-40,28.81999969482422,WRONG
clear_skin_106.jpg,-,-,-,0.0,NO FACE DETECTED
clear_skin_107.jpg,-,-,-,0.0,NO FACE DETECTED
clear_skin_108.jpg,1,Dark spots,25-40,28.84000015258789,WRONG
clear_skin_109.jpg,1,Dark spots,25-40,28.809999465942383,WRONG
clear_skin_110.jpg,1,Dark spots,25-40,28.829999923706055,WRONG
clear_skin_111.jpg,1,Dark spots,25-40,28.84000015258789,WRONG
clear_skin_112.jpg,1,Dark spots,25-40,28.84000015258789,WRONG
clear_skin_113.jpg,1,Dark spots,25-40,28.799999237060547,WRONG
clear_skin_114.jpg,1,Dark spots,25-40,28.81999969482422,WRONG
clear_skin_115.jpg,1,Dark spots,25-40,28.84000015258789,WRONG
clear_skin_116.jpg,1,Dark spots,25-40,28.84000015258789,WRONG
clear_skin_116.jpg,2,Dark spots,25-40,28.850000381469727,WRONG
clear_skin_117.jpg,1,Dark spots,25-40,28.829999923706055,WRONG
clear_skin_118.jpg,-,-,-,0.0,NO FACE DETECTED
clear_skin_119.jpg,1,Dark spots,25-40,28.84000015258789,WRONG
clear_skin_120.jpg,-,-,-,0.0,NO FACE DETECTED
clear_skin_121.jpg,1,Dark spots,25-40,28.829999923706055,WRONG
clear_skin_122.jpg,-,-,-,0.0,NO FACE DETECTED
clear_skin_123.jpg,1,Dark spots,25-40,28.829999923706055,WRONG
clear_skin_124.jpg,-,-,-,0.0,NO FACE DETECTED
clear_skin_125.jpg,1,Dark spots,25-40,28.829999923706055,WRONG
clear_skin_125.jpg,2,Dark spots,25-40,28.829999923706055,WRONG
clear_skin_126.jpg,-,-,-,0.0,NO FACE DETECTED
clear_skin_127.jpg,-,-,-,0.0,NO FACE DETECTED
clear_skin_128.jpg,-,-,-,0.0,NO FACE DETECTED
clear_skin_129.jpg,1,Dark spots,25-40,28.829999923706055,WRONG
clear_skin_130.jpg,-,-,-,0.0,NO FACE DETECTED
clear_skin_131.jpg,1,Dark spots,25-40,28.84000015258789,WRONG
clear_skin_132.jpg,1,Dark spots,25-40,28.84000015258789,WRONG
clear_skin_133.jpg,1,Dark spots,25-40,28.829999923706055,WRONG
clear_skin_134.jpg,1,Dark spots,25-40,28.81999969482422,WRONG
clear_skin_135.jpg,1,Dark spots,25-40,28.84000015258789,WRONG
clear_skin_136.jpg,1,Dark spots,25-40,28.829999923706055,WRONG
clear_skin_137.jpg,1,Dark spots,25-40,28.809999465942383,WRONG
clear_skin_138.jpg,1,Dark spots,25-40,28.829999923706055,WRONG
clear_skin_139.jpg,1,Dark spots,25-40,28.829999923706055,WRONG
clear_skin_140.jpg,-,-,-,0.0,NO FACE DETECTED
clear_skin_141.jpg,1,Dark spots,25-40,28.81999969482422,WRONG
clear_skin_142.jpg,1,Dark spots,25-40,28.84000015258789,WRONG
clear_skin_143.jpg,1,Dark spots,25-40,28.81999969482422,WRONG
clear_skin_144.jpg,-,-,-,0.0,NO FACE DETECTED
clear_skin_145.jpg,-,-,-,0.0,NO FACE DETECTED
clear_skin_146.jpg,1,Dark spots,25-40,28.81999969482422,WRONG
clear_skin_147.jpg,1,Dark spots,25-40,28.81999969482422,WRONG
clear_skin_148.jpg,-,-,-,0.0,NO FACE DETECTED
clear_skin_149.jpg,1,Dark spots,25-40,28.84000015258789,WRONG
clear_skin_150.jpg,-,-,-,0.0,NO FACE DETECTED
clear_skin_151.jpg,-,-,-,0.0,NO FACE DETECTED
clear_skin_152.jpg,1,Dark spots,25-40,28.84000015258789,WRONG
clear_skin_153.jpg,1,Dark spots,25-40,28.790000915527344,WRONG
clear_skin_154.jpg,1,Dark spots,25-40,28.84000015258789,WRONG
clear_skin_155.jpg,1,Dark spots,25-40,28.809999465942383,WRONG
clear_skin_156.jpg,1,Dark spots,25-40,28.84000015258789,WRONG
clear_skin_157.jpg,1,Dark spots,25-40,28.829999923706055,WRONG
clear_skin_158.jpg,1,Dark spots,25-40,28.84000015258789,WRONG
clear_skin_159.jpg,1,Dark spots,25-40,28.81999969482422,WRONG
clear_skin_160.jpg,1,Dark spots,25-40,28.84000015258789,WRONG
clear_skin_160.jpg,2,Dark spots,25-40,28.84000015258789,WRONG
clear_skin_161.jpg,1,Dark spots,25-40,28.829999923706055,WRONG
clear_skin_162.jpg,-,-,-,0.0,NO FACE DETECTED
clear_skin_163.jpg,1,Dark spots,25-40,28.84000015258789,WRONG
clear_skin_164.jpg,1,Dark spots,25-40,28.84000015258789,WRONG
clear_skin_165.jpg,1,Dark spots,25-40,28.829999923706055,WRONG
clear_skin_166.jpg,1,Dark spots,25-40,28.84000015258789,WRONG
clear_skin_167.jpg,-,-,-,0.0,NO FACE DETECTED
clear_skin_168.jpg,1,Dark spots,25-40,28.829999923706055,WRONG
clear_skin_169.jpg,1,Dark spots,25-40,28.850000381469727,WRONG
clear_skin_170.jpg,-,-,-,0.0,NO FACE DETECTED
clear_skin_171.jpg,-,-,-,0.0,NO FACE DETECTED
clear_skin_172.jpg,1,Dark spots,25-40,28.850000381469727,WRONG
clear_skin_173.jpg,1,Dark spots,25-40,28.829999923706055,WRONG
clear_skin_174.jpg,-,-,-,0.0,NO FACE DETECTED
clear_skin_175.jpg,-,-,-,0.0,NO FACE DETECTED
clear_skin_176.jpg,1,Dark spots,25-40,28.81999969482422,WRONG
clear_skin_177.jpg,1,Dark spots,25-40,28.829999923706055,WRONG
clear_skin_178.jpg,1,Dark spots,25-40,28.81999969482422,WRONG
clear_skin_179.jpg,-,-,-,0.0,NO FACE DETECTED
clear_skin_180.jpg,1,Dark spots,25-40,28.809999465942383,WRONG
clear_skin_181.jpg,-,-,-,0.0,NO FACE DETECTED
clear_skin_182.jpg,1,Dark spots,25-40,28.799999237060547,WRONG
clear_skin_182.jpg,2,Dark spots,25-40,28.84000015258789,WRONG
clear_skin_183.jpg,1,Dark spots,25-40,28.829999923706055,WRONG
clear_skin_184.jpg,1,Dark spots,25-40,28.81999969482422,WRONG
clear_skin_185.jpg,1,Dark spots,25-40,28.84000015258789,WRONG
clear_skin_186.jpg,-,-,-,0.0,NO FACE DETECTED
clear_skin_187.jpg,1,Dark spots,25-40,28.829999923706055,WRONG
clear_skin_187.jpg,2,Dark spots,25-40,28.8700008392334,WRONG
clear_skin_188.jpg,1,Dark spots,25-40,28.860000610351562,WRONG
clear_skin_189.jpg,1,Dark spots,25-40,28.809999465942383,WRONG
clear_skin_190.jpg,1,Dark spots,25-40,28.850000381469727,WRONG
clear_skin_191.jpg,1,Dark spots,25-40,28.829999923706055,WRONG
clear_skin_192.jpg,1,Dark spots,25-40,28.829999923706055,WRONG
clear_skin_193.jpg,-,-,-,0.0,NO FACE DETECTED
clear_skin_194.jpg,1,Dark spots,25-40,28.799999237060547,WRONG
clear_skin_195.jpg,1,Dark spots,25-40,28.829999923706055,WRONG
clear_skin_196.jpg,1,Dark spots,25-40,28.81999969482422,WRONG
clear_skin_197.jpg,1,Dark spots,25-40,28.799999237060547,WRONG
clear_skin_197.jpg,2,Dark spots,25-40,28.829999923706055,WRONG
clear_skin_198.jpg,-,-,-,0.0,NO FACE DETECTED
clear_skin_199.jpg,1,Dark spots,25-40,28.81999969482422,WRONG
clear_skin_200.jpg,1,Dark spots,25-40,28.829999923706055,WRONG
clear_skin_201.jpg,1,Dark spots,25-40,28.829999923706055,WRONG
clear_skin_202.jpg,-,-,-,0.0,NO FACE DETECTED
clear_skin_203.jpg,1,Dark spots,25-40,28.809999465942383,WRONG
clear_skin_204.jpg,-,-,-,0.0,NO FACE DETECTED
clear_skin_205.jpg,-,-,-,0.0,NO FACE DETECTED
clear_skin_206.jpg,1,Dark spots,25-40,28.829999923706055,WRONG
clear_skin_207.jpg,-,-,-,0.0,NO FACE DETECTED
clear_skin_208.jpg,-,-,-,0.0,NO FACE DETECTED
clear_skin_209.jpg,1,Dark spots,25-40,28.81999969482422,WRONG
clear_skin_210.jpg,1,Dark spots,25-40,28.829999923706055,WRONG
clear_skin_211.jpg,-,-,-,0.0,NO FACE DETECTED
clear_skin_212.jpg,-,-,-,0.0,NO FACE DETECTED
clear_skin_213.jpg,-,-,-,0.0,NO FACE DETECTED
clear_skin_214.jpg,-,-,-,0.0,NO FACE DETECTED
clear_skin_215.jpg,1,Dark spots,25-40,28.809999465942383,WRONG
clear_skin_216.jpg,1,Dark spots,25-40,28.829999923706055,WRONG
clear_skin_217.jpg,-,-,-,0.0,NO FACE DETECTED
clear_skin_218.jpg,-,-,-,0.0,NO FACE DETECTED
clear_skin_219.jpg,1,Dark spots,25-40,28.829999923706055,WRONG
clear_skin_220.jpg,1,Dark spots,25-40,28.84000015258789,WRONG
clear_skin_221.jpg,1,Dark spots,25-40,28.829999923706055,WRONG
clear_skin_222.jpg,1,Dark spots,25-40,28.81999969482422,WRONG
clear_skin_223.jpg,1,Dark spots,25-40,28.81999969482422,WRONG
clear_skin_224.jpg,1,Dark spots,25-40,28.81999969482422,WRONG
clear_skin_225.jpg,1,Dark spots,25-40,28.81999969482422,WRONG
clear_skin_226.jpg,1,Dark spots,25-40,28.829999923706055,WRONG
clear_skin_227.jpg,1,Dark spots,25-40,28.81999969482422,WRONG
clear_skin_228.jpg,-,-,-,0.0,NO FACE DETECTED
clear_skin_229.jpg,-,-,-,0.0,NO FACE DETECTED
clear_skin_230.jpg,1,Dark spots,25-40,28.829999923706055,WRONG
clear_skin_231.jpg,1,Dark spots,25-40,28.860000610351562,WRONG
clear_skin_232.jpg,1,Dark spots,25-40,28.850000381469727,WRONG
clear_skin_233.jpg,-,-,-,0.0,NO FACE DETECTED
clear_skin_234.jpg,1,Dark spots,25-40,28.860000610351562,WRONG
clear_skin_235.jpg,-,-,-,0.0,NO FACE DETECTED
clear_skin_236.jpg,-,-,-,0.0,NO FACE DETECTED
clear_skin_237.jpg,1,Dark spots,25-40,28.829999923706055,WRONG
clear_skin_238.jpg,1,Dark spots,25-40,28.829999923706055,WRONG
clear_skin_239.jpg,1,Dark spots,25-40,28.829999923706055,WRONG
clear_skin_240.jpg,1,Dark spots,25-40,28.84000015258789,WRONG
clear_skin_241.jpg,-,-,-,0.0,NO FACE DETECTED
clear_skin_242.jpg,1,Dark spots,25-40,28.829999923706055,WRONG
clear_skin_243.jpg,-,-,-,0.0,NO FACE DETECTED
clear_skin_244.jpg,1,Dark spots,25-40,28.84000015258789,WRONG
clear_skin_245.jpg,1,Dark spots,25-40,28.829999923706055,WRONG
clear_skin_246.jpg,1,Dark spots,25-40,28.84000015258789,WRONG
clear_skin_247.jpg,1,Dark spots,25-40,28.81999969482422,WRONG
clear_skin_248.jpg,-,-,-,0.0,NO FACE DETECTED
clear_skin_249.jpg,1,Dark spots,25-40,28.81999969482422,WRONG
clear_skin_249.jpg,2,Dark spots,25-40,28.829999923706055,WRONG
clear_skin_250.jpg,1,Dark spots,25-40,28.809999465942383,WRONG
clear_skin_251.jpg,-,-,-,0.0,NO FACE DETECTED
clear_skin_252.jpg,1,Dark spots,25-40,28.81999969482422,WRONG
clear_skin_253.jpg,-,-,-,0.0,NO FACE DETECTED
clear_skin_254.jpg,-,-,-,0.0,NO FACE DETECTED
clear_skin_255.jpg,1,Dark spots,25-40,28.84000015258789,WRONG
clear_skin_256.jpg,1,Dark spots,25-40,28.829999923706055,WRONG
clear_skin_257.jpg,1,Dark spots,25-40,28.829999923706055,WRONG
clear_skin_258.jpg,-,-,-,0.0,NO FACE DETECTED
clear_skin_259.jpg,1,Dark spots,25-40,28.829999923706055,WRONG
clear_skin_260.jpg,-,-,-,0.0,NO FACE DETECTED
clear_skin_261.jpg,1,Dark spots,25-40,28.84000015258789,WRONG
clear_skin_262.jpg,1,Dark spots,25-40,28.829999923706055,WRONG
clear_skin_263.jpg,1,Dark spots,25-40,28.84000015258789,WRONG
clear_skin_264.jpg,-,-,-,0.0,NO FACE DETECTED
clear_skin_265.jpg,1,Dark spots,25-40,28.809999465942383,WRONG
clear_skin_266.jpg,1,Dark spots,25-40,28.829999923706055,WRONG
clear_skin_267.jpg,1,Dark spots,25-40,28.81999969482422,WRONG
clear_skin_268.jpg,1,Dark spots,25-40,28.81999969482422,WRONG
clear_skin_269.jpg,-,-,-,0.0,NO FACE DETECTED
clear_skin_270.jpg,1,Dark spots,25-40,28.799999237060547,WRONG
clear_skin_271.jpg,-,-,-,0.0,NO FACE DETECTED
clear_skin_272.jpg,1,Dark spots,25-40,28.84000015258789,WRONG
clear_skin_273.jpg,-,-,-,0.0,NO FACE DETECTED
clear_skin_274.jpg,1,Dark spots,25-40,28.829999923706055,WRONG
clear_skin_275.jpg,1,Dark spots,25-40,28.850000381469727,WRONG
clear_skin_276.jpg,1,Dark spots,25-40,28.84000015258789,WRONG
clear_skin_277.jpg,1,Dark spots,25-40,28.81999969482422,WRONG
clear_skin_278.jpg,1,Dark spots,25-40,28.860000610351562,WRONG
clear_skin_279.jpg,1,Dark spots,25-40,28.850000381469727,WRONG
clear_skin_280.jpg,1,Dark spots,25-40,28.81999969482422,WRONG
clear_skin_281.jpg,1,Dark spots,25-40,28.84000015258789,WRONG
clear_skin_282.jpg,1,Dark spots,25-40,28.799999237060547,WRONG
clear_skin_283.jpg,1,Dark spots,25-40,28.84000015258789,WRONG
clear_skin_284.jpg,-,-,-,0.0,NO FACE DETECTED
clear_skin_285.jpg,-,-,-,0.0,NO FACE DETECTED
clear_skin_286.jpg,1,Dark spots,25-40,28.829999923706055,WRONG
clear_skin_287.jpg,1,Dark spots,25-40,28.84000015258789,WRONG
clear_skin_288.jpg,1,Dark spots,25-40,28.84000015258789,WRONG
clear_skin_289.jpg,1,Dark spots,25-40,28.81999969482422,WRONG
clear_skin_290.jpg,1,Dark spots,25-40,28.829999923706055,WRONG
clear_skin_291.jpg,-,-,-,0.0,NO FACE DETECTED
clear_skin_292.jpg,1,Dark spots,25-40,28.829999923706055,WRONG
clear_skin_293.jpg,1,Dark spots,25-40,28.799999237060547,WRONG
clear_skin_294.jpg,1,Dark spots,25-40,28.84000015258789,WRONG
clear_skin_295.jpg,1,Dark spots,25-40,28.84000015258789,WRONG
clear_skin_296.jpg,-,-,-,0.0,NO FACE DETECTED
clear_skin_297.jpg,-,-,-,0.0,NO FACE DETECTED
clear_skin_298.jpg,1,Dark spots,25-40,28.81999969482422,WRONG
clear_skin_299.jpg,1,Dark spots,25-40,28.829999923706055,WRONG
clear_skin_299.jpg,2,Dark spots,25-40,28.829999923706055,WRONG
clear_skin_300.jpg,-,-,-,0.0,NO FACE DETECTED
0183c6d6-8b71-4a85-a2c3-fe3fcbca3668.jpg,-,-,-,0.0,NO FACE DETECTED
02435230-cde0-4bb8-9f58-141b03658324.jpg,-,-,-,0.0,NO FACE DETECTED
06b372d2-f0b4-4bbe-8736-13af471cba9e.jpg,-,-,-,0.0,NO FACE DETECTED
089c8f6d-60da-46db-931e-9812d35b3599.jpg,-,-,-,0.0,NO FACE DETECTED
0c4c7bad-0df3-4d0f-ad45-7d67de49c77b.jpg,-,-,-,0.0,NO FACE DETECTED
0cc20ae0-c7a8-478b-a974-a5aebabffc15.jpg,-,-,-,0.0,NO FACE DETECTED
0d12df28-6795-4693-95e6-baa3c5c7d14b.jpg,-,-,-,0.0,NO FACE DETECTED
1.jpg,1,Dark spots,25-40,28.809999465942383,CORRECT
10.jpg,-,-,-,0.0,NO FACE DETECTED
100.jpg,-,-,-,0.0,NO FACE DETECTED
101.jpg,1,Dark spots,25-40,28.829999923706055,CORRECT
102.jpg,-,-,-,0.0,NO FACE DETECTED
103.jpg,-,-,-,0.0,NO FACE DETECTED
104.jpg,-,-,-,0.0,NO FACE DETECTED
105.jpg,-,-,-,0.0,NO FACE DETECTED
106.jpg,-,-,-,0.0,NO FACE DETECTED
107.jpg,-,-,-,0.0,NO FACE DETECTED
108.jpg,-,-,-,0.0,NO FACE DETECTED
109.jpg,-,-,-,0.0,NO FACE DETECTED
11.jpg,1,Dark spots,25-40,28.84000015258789,CORRECT
110.jpg,-,-,-,0.0,NO FACE DETECTED
119432bf-56fd-45ed-aba9-64ee745e90f3.jpg,1,Dark spots,25-40,28.81999969482422,CORRECT
1199d6a1-fa9a-468c-9506-f0be9fa117e6.jpg,-,-,-,0.0,NO FACE DETECTED
12.jpg,-,-,-,0.0,NO FACE DETECTED
13.jpg,1,Dark spots,25-40,28.81999969482422,CORRECT
1380edc8-cb4f-4a34-8d83-0159a2e15cb9.jpg,-,-,-,0.0,NO FACE DETECTED
14.jpg,-,-,-,0.0,NO FACE DETECTED
145c0c21-d758-4d57-a3dd-a15ed0c4e855.jpg,-,-,-,0.0,NO FACE DETECTED
15.jpg,-,-,-,0.0,NO FACE DETECTED
1534767c-7b6c-4d0b-8946-6410736c00b7.jpg,-,-,-,0.0,NO FACE DETECTED
16.jpg,-,-,-,0.0,NO FACE DETECTED
17.jpg,-,-,-,0.0,NO FACE DETECTED
176a2fc2-e888-458d-945d-89c7ce94abad.jpg,-,-,-,0.0,NO FACE DETECTED
18.jpg,-,-,-,0.0,NO FACE DETECTED
19.jpg,1,Dark spots,25-40,28.829999923706055,CORRECT
19a85cc5-9226-4f8a-841c-1e05bd8340db.jpg,-,-,-,0.0,NO FACE DETECTED
1a331685-ed23-4320-a382-5b08f46fdc56.jpg,-,-,-,0.0,NO FACE DETECTED
1b0a0ae9-6b1c-4552-8948-9e5ef5e74a09.jpg,-,-,-,0.0,NO FACE DETECTED
1c5e1b2b-2896-45a9-a1a0-cc05addc49db.jpg,-,-,-,0.0,NO FACE DETECTED
1c6c36fb-8904-46fa-bbdf-c0338df75f60.jpg,-,-,-,0.0,NO FACE DETECTED
1e812d5b-ee7a-4ec5-bd3e-04ca72cd805a.jpg,1,Dark spots,25-40,28.81999969482422,CORRECT
1eac0354-9727-4098-9fe2-b8fe17318953.jpg,-,-,-,0.0,NO FACE DETECTED
1fbdb999-2e96-44d0-807e-7e3644ed7044.jpg,-,-,-,0.0,NO FACE DETECTED
2.jpg,-,-,-,0.0,NO FACE DETECTED
20.jpg,-,-,-,0.0,NO FACE DETECTED
21.jpg,-,-,-,0.0,NO FACE DETECTED
22.jpg,-,-,-,0.0,NO FACE DETECTED
23.jpg,-,-,-,0.0,NO FACE DETECTED
23132798-f888-4459-ae54-140ad78f18e8.jpg,-,-,-,0.0,NO FACE DETECTED
233ebc8e-5bda-40d2-929c-c63ba5ebf96d.jpg,-,-,-,0.0,NO FACE DETECTED
24.jpg,-,-,-,0.0,NO FACE DETECTED
240b91cb-9d15-4918-a3d0-7570365e4de4.jpg,-,-,-,0.0,NO FACE DETECTED
25.jpg,-,-,-,0.0,NO FACE DETECTED
25fe82b3-32bf-4e56-9754-cf578c57aab1.jpg,1,Dark spots,25-40,28.829999923706055,CORRECT
26.jpg,-,-,-,0.0,NO FACE DETECTED
27.jpg,-,-,-,0.0,NO FACE DETECTED
275f41de-aca9-4591-aaee-1e523705c0c7.jpg,-,-,-,0.0,NO FACE DETECTED
28.jpg,1,Dark spots,25-40,28.860000610351562,CORRECT
288620b2-2dfc-43c4-8be9-1aa1327c5475.jpg,-,-,-,0.0,NO FACE DETECTED
28d57376-7104-46f9-9808-a677ad93d838.jpg,-,-,-,0.0,NO FACE DETECTED
28ed8e03-dc85-43e4-872d-183a8ef13a47.jpg,1,Dark spots,25-40,28.799999237060547,CORRECT
29.jpg,-,-,-,0.0,NO FACE DETECTED
2906ef14-4042-451e-a639-58110a02c0aa.jpg,-,-,-,0.0,NO FACE DETECTED
2b5b6032-b30d-4e88-a888-81aa8b7cd480.jpg,-,-,-,0.0,NO FACE DETECTED
2b7d3151-a306-4590-9687-517b41d8e03a.jpg,-,-,-,0.0,NO FACE DETECTED
2c790b27-f8d9-4c3f-ae04-2568763f8d20.jpg,-,-,-,0.0,NO FACE DETECTED
2d2585d5-be23-4ddc-989d-9d880deca75b.jpg,-,-,-,0.0,NO FACE DETECTED
2d9a563b-082d-4d24-bb5b-3517cf0d91f9.jpg,-,-,-,0.0,NO FACE DETECTED
2de295c0-801d-429e-8f74-fce181cc87cc.jpg,-,-,-,0.0,NO FACE DETECTED
2e81a0f1-fe62-4ccc-8ddb-409bd965277c.jpg,-,-,-,0.0,NO FACE DETECTED
2ed1ef53-c137-460c-959e-7bf7fe5f4f02.jpg,-,-,-,0.0,NO FACE DETECTED
3.jpg,-,-,-,0.0,NO FACE DETECTED
30.jpg,-,-,-,0.0,NO FACE DETECTED
302dfc97-3056-4940-8493-c14c37825f4d.jpg,-,-,-,0.0,NO FACE DETECTED
31.jpg,-,-,-,0.0,NO FACE DETECTED
3157fe36-fb8f-4961-bc3c-79377fd53cd7.jpg,-,-,-,0.0,NO FACE DETECTED
32.jpg,-,-,-,0.0,NO FACE DETECTED
32d2d89f-a727-4c29-a43b-5560002d2387.jpg,-,-,-,0.0,NO FACE DETECTED
33.jpg,-,-,-,0.0,NO FACE DETECTED
33952331-5d44-459f-ab1a-296158f90411.jpg,-,-,-,0.0,NO FACE DETECTED
34.jpg,-,-,-,0.0,NO FACE DETECTED
34046f00-460d-4fb1-b350-075811f42cbb.jpg,-,-,-,0.0,NO FACE DETECTED
344ed90a-2401-45b0-b48a-d023138260dd.jpg,1,Dark spots,25-40,28.829999923706055,CORRECT
35.jpg,-,-,-,0.0,NO FACE DETECTED
35cd8ef3-9d57-40bb-97fa-c45cd29de402.jpg,1,Dark spots,25-40,28.81999969482422,CORRECT
35cd8ef3-9d57-40bb-97fa-c45cd29de402.jpg,2,Dark spots,25-40,28.809999465942383,CORRECT
35cd8ef3-9d57-40bb-97fa-c45cd29de402.jpg,3,Dark spots,25-40,28.829999923706055,CORRECT
35cd8ef3-9d57-40bb-97fa-c45cd29de402.jpg,4,Dark spots,25-40,28.84000015258789,CORRECT
36.jpg,-,-,-,0.0,NO FACE DETECTED
37.jpg,-,-,-,0.0,NO FACE DETECTED
38.jpg,-,-,-,0.0,NO FACE DETECTED
38afb976-5704-475b-93f3-ed7c2e58c184.jpg,-,-,-,0.0,NO FACE DETECTED
39.jpg,-,-,-,0.0,NO FACE DETECTED
3a061b4a-6135-42fa-bfb9-24cc1f239b04.jpg,-,-,-,0.0,NO FACE DETECTED
3abac4b8-0219-4f6e-a2fb-732b5f7b91ed.jpg,-,-,-,0.0,NO FACE DETECTED
3deebf0a-72f9-4fa9-8764-3ac44ada6fd7.jpg,-,-,-,0.0,NO FACE DETECTED
3e94d530-1288-4672-8e5f-70741b570193.jpg,-,-,-,0.0,NO FACE DETECTED
4.jpg,1,Dark spots,25-40,28.829999923706055,CORRECT
40.jpg,-,-,-,0.0,NO FACE DETECTED
40248490-a411-40ad-8e66-fcf69487b14d.jpg,1,Dark spots,25-40,28.829999923706055,CORRECT
41.jpg,1,Dark spots,25-40,28.84000015258789,CORRECT
42.jpg,-,-,-,0.0,NO FACE DETECTED
43.jpg,-,-,-,0.0,NO FACE DETECTED
43366b23-c23b-46d8-a5b4-d920090812bc.jpg,-,-,-,0.0,NO FACE DETECTED
433679f8-b278-4787-9f44-b5ad8dde11da.jpg,-,-,-,0.0,NO FACE DETECTED
43a83abc-c8b2-40d0-a838-c77cc10ee76b.jpg,-,-,-,0.0,NO FACE DETECTED
44.jpg,1,Dark spots,25-40,28.829999923706055,CORRECT
45.jpg,1,Dark spots,25-40,28.829999923706055,CORRECT
45284b25-20b4-4fc4-a51b-647b3845f21b.jpg,-,-,-,0.0,NO FACE DETECTED
46.jpg,-,-,-,0.0,NO FACE DETECTED
47.jpg,1,Dark spots,25-40,28.81999969482422,CORRECT
47cc95ed-7705-456d-8e49-9a364c64ba96.jpg,-,-,-,0.0,NO FACE DETECTED
48.jpg,-,-,-,0.0,NO FACE DETECTED
482e3a4c-4edd-4127-8f60-68b7a7a05e28.jpg,-,-,-,0.0,NO FACE DETECTED
49.jpg,-,-,-,0.0,NO FACE DETECTED
498e89f1-425d-4e0c-9d45-3b220d62861f.jpg,-,-,-,0.0,NO FACE DETECTED
4aa701fc-4412-4dd7-9faa-e03929c425be.jpg,1,Dark spots,25-40,28.829999923706055,CORRECT
4aa87886-36bf-445b-a3ab-322154f758a3.jpg,-,-,-,0.0,NO FACE DETECTED
4ce9b714-aa22-477f-b97b-b43ba91ec765.jpg,-,-,-,0.0,NO FACE DETECTED
4fe4d594-0473-4419-8edf-9d85802134b1.jpg,-,-,-,0.0,NO FACE DETECTED
5.jpg,-,-,-,0.0,NO FACE DETECTED
50.jpg,-,-,-,0.0,NO FACE DETECTED
51.jpg,-,-,-,0.0,NO FACE DETECTED
52.jpg,-,-,-,0.0,NO FACE DETECTED
52331bc5-e7ac-4ea6-a2fe-31ecd8310e91.jpg,-,-,-,0.0,NO FACE DETECTED
53.jpg,-,-,-,0.0,NO FACE DETECTED
54.jpg,-,-,-,0.0,NO FACE DETECTED
55.jpg,-,-,-,0.0,NO FACE DETECTED
554b57c1-0b15-430c-acb3-072fc06d8d9e.jpg,-,-,-,0.0,NO FACE DETECTED
555cfe73-d04b-4048-9f4a-8ff52d9d3f4b.jpg,-,-,-,0.0,NO FACE DETECTED
55daa5e2-fa42-4cec-bb7f-da75a5b54809.jpg,-,-,-,0.0,NO FACE DETECTED
56.jpg,-,-,-,0.0,NO FACE DETECTED
57.jpg,1,Dark spots,25-40,28.850000381469727,CORRECT
572e21f5-c1e3-40a5-b90a-ef122a2c898f.jpg,-,-,-,0.0,NO FACE DETECTED
58.jpg,-,-,-,0.0,NO FACE DETECTED
5848657d-7411-4b5a-919d-925d5f03a33d.jpg,-,-,-,0.0,NO FACE DETECTED
59.jpg,-,-,-,0.0,NO FACE DETECTED
5b4d1a18-8f5f-4964-a749-b7ca4688dbfd.jpg,-,-,-,0.0,NO FACE DETECTED
5c208564-c800-478c-8518-a639c20cd8c9.jpg,-,-,-,0.0,NO FACE DETECTED
5ce71059-e21e-4ce5-96d8-4f6848b4b72d.jpg,-,-,-,0.0,NO FACE DETECTED
5f292e0e-5fcb-4ddb-a380-c4834263bc4f.jpg,-,-,-,0.0,NO FACE DETECTED
6 (2).jpg,-,-,-,0.0,NO FACE DETECTED
6.jpg,-,-,-,0.0,NO FACE DETECTED
60.jpg,1,Dark spots,25-40,28.81999969482422,CORRECT
60293a66-e96e-41fc-b34b-77d2822d59d4.jpg,-,-,-,0.0,NO FACE DETECTED
61.jpg,-,-,-,0.0,NO FACE DETECTED
6110c83a-166b-4594-8ce1-5694a76292a9.jpg,-,-,-,0.0,NO FACE DETECTED
61471768-edc5-47a1-bc1b-34ba53a39c1f.jpg,-,-,-,0.0,NO FACE DETECTED
62.jpg,-,-,-,0.0,NO FACE DETECTED
62298495-7a8d-4aa7-924d-4a4224366072.jpg,-,-,-,0.0,NO FACE DETECTED
622cbcc3-3347-44d5-b885-8d7b498c922b.jpg,-,-,-,0.0,NO FACE DETECTED
64.jpg,1,Dark spots,25-40,28.850000381469727,CORRECT
64fce697-bf9c-4442-970a-70439c90f9bc.jpg,-,-,-,0.0,NO FACE DETECTED
64fe2db7-da0d-4afb-b2bf-e28a658c8849.jpg,-,-,-,0.0,NO FACE DETECTED
65.jpg,-,-,-,0.0,NO FACE DETECTED
65ebca0f-b426-486b-b5ff-68f23466b98a.jpg,-,-,-,0.0,NO FACE DETECTED
66.jpg,-,-,-,0.0,NO FACE DETECTED
67.jpg,-,-,-,0.0,NO FACE DETECTED
68.jpg,-,-,-,0.0,NO FACE DETECTED
68c42e9c-5bc4-4469-a60c-000353f8c054.jpg,-,-,-,0.0,NO FACE DETECTED
69.jpg,-,-,-,0.0,NO FACE DETECTED
69731f1a-ff7b-45ae-880b-a0aaac6efda0.jpg,-,-,-,0.0,NO FACE DETECTED
6aef60e0-7b80-49ab-b6dc-aef2df465f76.jpg,-,-,-,0.0,NO FACE DETECTED
6b6b0428-e39e-4781-8cb3-4977861d6608.jpg,-,-,-,0.0,NO FACE DETECTED
6bdd3c06-ef12-4245-96fc-6b2258426c4d.jpg,1,Dark spots,25-40,28.81999969482422,CORRECT
6d19f100-58ec-49cc-aa84-200efb30dbd0.jpg,1,Dark spots,25-40,28.84000015258789,CORRECT
6f50c70b-39d7-4c28-a4fc-6f982ad4b5d7.jpg,-,-,-,0.0,NO FACE DETECTED
7.jpg,-,-,-,0.0,NO FACE DETECTED
70.jpg,-,-,-,0.0,NO FACE DETECTED
70a7a98e-5a6d-4ca3-acd4-12a2e14bbab2.jpg,-,-,-,0.0,NO FACE DETECTED
71.jpg,-,-,-,0.0,NO FACE DETECTED
72.jpg,-,-,-,0.0,NO FACE DETECTED
73.jpg,-,-,-,0.0,NO FACE DETECTED
73d83820-4a7c-44c8-9f9e-7e291b3e879a.jpg,-,-,-,0.0,NO FACE DETECTED
74.jpg,-,-,-,0.0,NO FACE DETECTED
74294949-66bf-4c61-a02e-e0ddb14383c8.jpg,-,-,-,0.0,NO FACE DETECTED
75.jpg,-,-,-,0.0,NO FACE DETECTED
76.jpg,-,-,-,0.0,NO FACE DETECTED
77.jpg,-,-,-,0.0,NO FACE DETECTED
77150e42-e906-44e4-95a7-6fa0bbd87a65.jpg,-,-,-,0.0,NO FACE DETECTED
77251e7e-eaf9-493b-b4cd-a261ca6b1a14.jpg,1,Dark spots,25-40,28.809999465942383,CORRECT
78.jpg,-,-,-,0.0,NO FACE DETECTED
79.jpg,-,-,-,0.0,NO FACE DETECTED
799b41f6-36cf-401e-8937-bc2e710054b5.jpg,-,-,-,0.0,NO FACE DETECTED
7a5ef40e-dd58-44f5-ab19-380d8fe2ff80.jpg,-,-,-,0.0,NO FACE DETECTED
7b4d3873-22e1-4966-8d52-3f22d7ce46f9.jpg,-,-,-,0.0,NO FACE DETECTED
7bd9180f-305e-432e-af3f-af9fc6a74b78.jpg,-,-,-,0.0,NO FACE DETECTED
7cdc340e-1748-45ef-8cbe-38390f2380ef.jpg,-,-,-,0.0,NO FACE DETECTED
7d332dcd-6ae9-4947-8437-f5c512b3bc34.jpg,-,-,-,0.0,NO FACE DETECTED
7f18933e-9889-4115-8c87-d5cf3b787f99.jpg,-,-,-,0.0,NO FACE DETECTED
8.jpg,-,-,-,0.0,NO FACE DETECTED
80.jpg,1,Dark spots,25-40,28.850000381469727,CORRECT
81.jpg,-,-,-,0.0,NO FACE DETECTED
8156d885-5dd2-4cd4-9a2a-c52d5982fd53.jpg,-,-,-,0.0,NO FACE DETECTED
82.jpg,1,Dark spots,25-40,28.829999923706055,CORRECT
83.jpg,-,-,-,0.0,NO FACE DETECTED
8386c412-a76b-477a-a5d5-776396d5c145.jpg,-,-,-,0.0,NO FACE DETECTED
84.jpg,-,-,-,0.0,NO FACE DETECTED
84c1c5de-7940-4b6d-bc5e-cbdfded76eb9.jpg,-,-,-,0.0,NO FACE DETECTED
84e79edd-919d-46a4-9fc7-1c587e418fb9.jpg,-,-,-,0.0,NO FACE DETECTED
85.jpg,-,-,-,0.0,NO FACE DETECTED
857ba2f1-e672-40c8-b520-efeda228a6fd.jpg,-,-,-,0.0,NO FACE DETECTED
85c2340a-6cda-4609-8e08-24019b360531.jpg,-,-,-,0.0,NO FACE DETECTED
86.jpg,-,-,-,0.0,NO FACE DETECTED
87.jpg,-,-,-,0.0,NO FACE DETECTED
8758c7fb-97b7-4a27-81a2-4283d5a7badf.jpg,-,-,-,0.0,NO FACE DETECTED
87a52750-9e09-40b1-bf53-5330e653b7a2.jpg,-,-,-,0.0,NO FACE DETECTED
88.jpg,1,Dark spots,25-40,28.829999923706055,CORRECT
89.jpg,-,-,-,0.0,NO FACE DETECTED
8bc7ed41-6811-462e-ab70-da82d3a5fbda.jpg,-,-,-,0.0,NO FACE DETECTED
8c7a2e36-c577-4c7b-a7d7-e9a709f6c76d.jpg,-,-,-,0.0,NO FACE DETECTED
8d0f3bca-f2d1-4328-b005-ecbcdb1a8035.jpg,-,-,-,0.0,NO FACE DETECTED
8d81d218-70fd-423e-9e8a-a734de960456.jpg,1,Dark spots,25-40,28.81999969482422,CORRECT
8e418a01-44ff-455a-b44f-b6eac4042e9a.jpg,-,-,-,0.0,NO FACE DETECTED
9.jpg,-,-,-,0.0,NO FACE DETECTED
90.jpg,-,-,-,0.0,NO FACE DETECTED
90000433-07eb-4170-b8bc-07e267030ced.jpg,1,Dark spots,25-40,28.84000015258789,CORRECT
91.jpg,1,Dark spots,25-40,28.829999923706055,CORRECT
92.jpg,-,-,-,0.0,NO FACE DETECTED
923126c5-16a0-48ed-969e-0b43af0f3c1e.jpg,-,-,-,0.0,NO FACE DETECTED
92d51c3d-40f5-42c4-9721-2af45d3691e0.jpg,-,-,-,0.0,NO FACE DETECTED
93.jpg,-,-,-,0.0,NO FACE DETECTED
94.jpg,1,Dark spots,25-40,28.850000381469727,CORRECT
95.jpg,1,Dark spots,25-40,28.84000015258789,CORRECT
96.jpg,-,-,-,0.0,NO FACE DETECTED
96d4f22b-3c75-4972-ab92-7fd6d12f9f75.jpg,-,-,-,0.0,NO FACE DETECTED
96e290e0-ebaa-487f-8b0b-5014c6b5c2a9.jpg,-,-,-,0.0,NO FACE DETECTED
97.jpg,-,-,-,0.0,NO FACE DETECTED
971c8949-b535-4361-b480-15efb539e1d6.jpg,1,Dark spots,25-40,28.850000381469727,CORRECT
97e3e72c-8460-4110-80bb-caf372c7c05e.jpg,-,-,-,0.0,NO FACE DETECTED
97eeed53-d813-4f64-863e-229b88975281.jpg,-,-,-,0.0,NO FACE DETECTED
98.jpg,-,-,-,0.0,NO FACE DETECTED
9956c273-f3a6-46d3-8c76-b48e6bdc6056.jpg,-,-,-,0.0,NO FACE DETECTED
9a457d99-b7cb-4168-b5a5-08324b8f9852.jpg,-,-,-,0.0,NO FACE DETECTED
9aab5972-409e-4eee-936d-0071e7305281.jpg,-,-,-,0.0,NO FACE DETECTED
9aca6223-fe38-4958-81d7-71e16a0018c7.jpg,-,-,-,0.0,NO FACE DETECTED
9b4d1032-c4d7-4b30-89ba-523cf69d36ff.jpg,-,-,-,0.0,NO FACE DETECTED
9bc0d52c-4c9e-4d61-8cd9-d020e86a22c4.jpg,-,-,-,0.0,NO FACE DETECTED
9bfe69da-441e-45f2-be9d-1c75badaa96b.jpg,-,-,-,0.0,NO FACE DETECTED
9d1feedd-3b9b-4e3c-a2f8-d8f28be00a10.jpg,1,Dark spots,25-40,28.860000610351562,CORRECT
9d786d72-fcfd-426d-b40b-5af6decf4362.jpg,-,-,-,0.0,NO FACE DETECTED
9f2c3594-5a2b-4502-9872-54b0fa60adf5.jpg,-,-,-,0.0,NO FACE DETECTED
a127972f-4a39-4ac5-86cf-4f8cf78c584c.jpg,-,-,-,0.0,NO FACE DETECTED
a27e16c6-4acc-40a9-adaf-1e152ac7a68b.jpg,-,-,-,0.0,NO FACE DETECTED
a336ac0c-d1d0-4b5b-a152-9c5dd60ccd9c.jpg,-,-,-,0.0,NO FACE DETECTED
a4ae6746-e35e-44b3-a000-6d21a0b8c26e.jpg,-,-,-,0.0,NO FACE DETECTED
a50f65f5-2bc8-48da-95ef-0c4ba7ee1747.jpg,-,-,-,0.0,NO FACE DETECTED
a64232a8-9f63-4c30-9bde-faff7e1d8624.jpg,-,-,-,0.0,NO FACE DETECTED
a7d19b86-5eb2-4cd0-8f64-a11bfccf69db.jpg,-,-,-,0.0,NO FACE DETECTED
a8944a5a-1f61-41cd-b370-e9afaf11a0ea.jpg,1,Dark spots,25-40,28.850000381469727,CORRECT
a9a346a2-5870-43d7-b11a-9b89352d011f.jpg,-,-,-,0.0,NO FACE DETECTED
ad327f2e-e622-491a-beca-ac8082908306.jpg,-,-,-,0.0,NO FACE DETECTED
ada12fc8-a1ca-4cbf-952d-38fb6c1ac4a5.jpg,-,-,-,0.0,NO FACE DETECTED
aea4383c-8a9d-442c-9636-2e5d415458f2.jpg,-,-,-,0.0,NO FACE DETECTED
aed80655-8950-44c7-9f98-8f603eb5366a.jpg,-,-,-,0.0,NO FACE DETECTED
af511d5a-491e-4e16-8d16-197455613fdf.jpg,1,Dark spots,25-40,28.829999923706055,CORRECT
b0dd8006-1128-4a8a-b09f-b625e5f970d6.jpg,-,-,-,0.0,NO FACE DETECTED
b2dc0e85-cc56-4f58-a82e-7a65a4d5fb12.jpg,-,-,-,0.0,NO FACE DETECTED
b43985cb-8464-49ba-ac88-72c1875b821d.jpg,-,-,-,0.0,NO FACE DETECTED
b4bd6be0-ff5e-4668-b29a-3a002f84e940.jpg,-,-,-,0.0,NO FACE DETECTED
b7352747-70da-47a1-8187-921ccbe20a25.jpg,-,-,-,0.0,NO FACE DETECTED
b73e1741-6bc7-46d9-ae23-252f89fa4aac.jpg,-,-,-,0.0,NO FACE DETECTED
b836149e-b247-44b4-85f0-0e986dc4d9e9.jpg,1,Dark spots,25-40,28.809999465942383,CORRECT
b95a81a8-5497-4996-a7f0-4283fba79042.jpg,-,-,-,0.0,NO FACE DETECTED
bb3ccdc4-afc1-4253-bc82-d598110f720e.jpg,-,-,-,0.0,NO FACE DETECTED
bbdc7178-c848-4761-a630-e6b8cc3799d3.jpg,-,-,-,0.0,NO FACE DETECTED
bcec08c3-86f4-4677-a03b-9a95efcaa236.jpg,-,-,-,0.0,NO FACE DETECTED
bda58b7d-44d5-46ec-b682-534084cfdb4f.jpg,-,-,-,0.0,NO FACE DETECTED
bfbf39c0-0a38-4ed9-8520-8026dc5ad63f.jpg,-,-,-,0.0,NO FACE DETECTED
c047b4bc-c11c-41bf-aa01-a13604fa4b31.jpg,-,-,-,0.0,NO FACE DETECTED
c23d7a77-682c-4c44-b224-d6486aeb35ba.jpg,-,-,-,0.0,NO FACE DETECTED
c433012d-eaba-4a83-a741-f7b34a94e775.jpg,-,-,-,0.0,NO FACE DETECTED
c459d2af-6e50-4d0c-8f13-4a98cb6685e6.jpg,-,-,-,0.0,NO FACE DETECTED
c50f9565-f974-4676-a061-89c528cc4152.jpg,-,-,-,0.0,NO FACE DETECTED
c5b6cdc7-5654-47d8-87c1-79ac0ba4daba.jpg,-,-,-,0.0,NO FACE DETECTED
c5f852a3-2482-436b-882a-dc449c836613.jpg,-,-,-,0.0,NO FACE DETECTED
c741a5ac-b87c-4a78-8bf3-5ce831bca681.jpg,-,-,-,0.0,NO FACE DETECTED
c955da5e-9306-4ba5-b6ae-bc8332466a63.jpg,-,-,-,0.0,NO FACE DETECTED
cce63be7-9a54-46ed-97c7-6f8881f84ab3.jpg,-,-,-,0.0,NO FACE DETECTED
d01572b7-9a7c-41f9-866e-b6e134320f34.jpg,-,-,-,0.0,NO FACE DETECTED
d1b665ea-ea41-43c9-b1d5-afc7531603f0.jpg,-,-,-,0.0,NO FACE DETECTED
d1c767e5-1eca-48d8-bc78-a30a20fe588b.jpg,-,-,-,0.0,NO FACE DETECTED
d221d207-16d9-4ebc-b08e-3a5b9ee7f1ce.jpg,-,-,-,0.0,NO FACE DETECTED
d47206fa-d918-449f-8291-d4056c2c2767.jpg,-,-,-,0.0,NO FACE DETECTED
d8373987-1c8d-4e53-be06-be48e794c0b9.jpg,-,-,-,0.0,NO FACE DETECTED
d8be403f-815a-4f7d-8e3d-e08a2e8e8b33.jpg,-,-,-,0.0,NO FACE DETECTED
d9caacff-e747-4ba5-9518-0b25ae7be532.jpg,-,-,-,0.0,NO FACE DETECTED
dbe6c84b-81f9-4e7d-9a6a-c2c654a092e1.jpg,-,-,-,0.0,NO FACE DETECTED
e1612965-7f3e-4bdc-a891-00ce46175442.jpg,-,-,-,0.0,NO FACE DETECTED
e4a70949-16e3-4156-8c91-f74f39e7f581.jpg,-,-,-,0.0,NO FACE DETECTED
e62a2b95-54bc-44fa-97a8-345368c8c842.jpg,-,-,-,0.0,NO FACE DETECTED
e92f5c8d-5224-43a4-9481-5ff37c6ff1a9.jpg,-,-,-,0.0,NO FACE DETECTED
ea45b08a-f7e8-4fd0-89ee-88f643a52289.jpg,-,-,-,0.0,NO FACE DETECTED
ec54b3c3-73ef-43de-83f5-5e4cd69e79e8.jpg,1,Dark spots,25-40,28.81999969482422,CORRECT
edee38c6-6337-4d84-92d7-56c25cbc1ad3.jpg,1,Dark spots,25-40,28.84000015258789,CORRECT
eeb13c90-b47b-4b87-a838-e771da1703f4.jpg,-,-,-,0.0,NO FACE DETECTED
efd4b0bd-4be5-4dfb-b118-71de0cde6b7c.jpg,-,-,-,0.0,NO FACE DETECTED
f217bee4-a473-4ae8-9247-b8b1b7204a42.jpg,-,-,-,0.0,NO FACE DETECTED
f39b557c-7e1a-4153-a3ad-0802fd8000d4.jpg,-,-,-,0.0,NO FACE DETECTED
f8930779-f8a1-485e-8534-0cd881cfa142.jpg,-,-,-,0.0,NO FACE DETECTED
f8ee8c3c-0962-42c2-a631-9fbde66ddea7.jpg,-,-,-,0.0,NO FACE DETECTED
fad4426a-1fec-402e-b524-1f30b5df7f8a.jpg,-,-,-,0.0,NO FACE DETECTED
ff18447a-5aed-46c6-bb31-d2ec58b52e03.jpg,-,-,-,0.0,NO FACE DETECTED
ff7e81f3-a740-4d2e-9f37-908cecc840b6.jpg,1,Dark spots,25-40,28.850000381469727,CORRECT
ffdee95b-0c76-493f-8077-a59987a7282d.jpg,-,-,-,0.0,NO FACE DETECTED
ffe25aec-0c58-46a4-a0b1-520f6dbec007.jpg,-,-,-,0.0,NO FACE DETECTED
1.jpg,-,-,-,0.0,NO FACE DETECTED
10.jpg,-,-,-,0.0,NO FACE DETECTED
100.jpg,-,-,-,0.0,NO FACE DETECTED
101.jpg,-,-,-,0.0,NO FACE DETECTED
102.jpg,-,-,-,0.0,NO FACE DETECTED
103.jpg,-,-,-,0.0,NO FACE DETECTED
104.jpg,-,-,-,0.0,NO FACE DETECTED
105.jpg,-,-,-,0.0,NO FACE DETECTED
106.jpg,-,-,-,0.0,NO FACE DETECTED
107.jpg,-,-,-,0.0,NO FACE DETECTED
108.jpg,-,-,-,0.0,NO FACE DETECTED
109.jpg,-,-,-,0.0,NO FACE DETECTED
11.jpg,-,-,-,0.0,NO FACE DETECTED
110.jpg,-,-,-,0.0,NO FACE DETECTED
111.jpg,-,-,-,0.0,NO FACE DETECTED
112.jpg,-,-,-,0.0,NO FACE DETECTED
113.jpg,-,-,-,0.0,NO FACE DETECTED
114.jpg,-,-,-,0.0,NO FACE DETECTED
115.jpg,-,-,-,0.0,NO FACE DETECTED
116.jpg,-,-,-,0.0,NO FACE DETECTED
117.jpg,-,-,-,0.0,NO FACE DETECTED
118.jpg,-,-,-,0.0,NO FACE DETECTED
119.jpg,-,-,-,0.0,NO FACE DETECTED
12.jpg,-,-,-,0.0,NO FACE DETECTED
120.jpg,-,-,-,0.0,NO FACE DETECTED
121.jpg,-,-,-,0.0,NO FACE DETECTED
122.jpg,-,-,-,0.0,NO FACE DETECTED
123.jpg,-,-,-,0.0,NO FACE DETECTED
124.jpg,-,-,-,0.0,NO FACE DETECTED
125.jpg,-,-,-,0.0,NO FACE DETECTED
126.jpg,-,-,-,0.0,NO FACE DETECTED
127.jpg,-,-,-,0.0,NO FACE DETECTED
128.jpg,-,-,-,0.0,NO FACE DETECTED
129.jpg,-,-,-,0.0,NO FACE DETECTED
13.jpg,-,-,-,0.0,NO FACE DETECTED
130.jpg,-,-,-,0.0,NO FACE DETECTED
131.jpg,-,-,-,0.0,NO FACE DETECTED
132.jpg,-,-,-,0.0,NO FACE DETECTED
133.jpg,-,-,-,0.0,NO FACE DETECTED
134.jpg,-,-,-,0.0,NO FACE DETECTED
135.jpg,-,-,-,0.0,NO FACE DETECTED
136.jpg,-,-,-,0.0,NO FACE DETECTED
137.jpg,-,-,-,0.0,NO FACE DETECTED
138.jpg,-,-,-,0.0,NO FACE DETECTED
139.jpg,-,-,-,0.0,NO FACE DETECTED
14.jpg,-,-,-,0.0,NO FACE DETECTED
140.jpg,-,-,-,0.0,NO FACE DETECTED
141.jpg,-,-,-,0.0,NO FACE DETECTED
142.jpg,-,-,-,0.0,NO FACE DETECTED
143.jpg,-,-,-,0.0,NO FACE DETECTED
144.jpg,-,-,-,0.0,NO FACE DETECTED
145.jpg,-,-,-,0.0,NO FACE DETECTED
146.jpg,-,-,-,0.0,NO FACE DETECTED
147.jpg,-,-,-,0.0,NO FACE DETECTED
148.jpg,-,-,-,0.0,NO FACE DETECTED
149.jpg,-,-,-,0.0,NO FACE DETECTED
15.jpg,1,Dark spots,25-40,28.81999969482422,WRONG
150.jpg,-,-,-,0.0,NO FACE DETECTED
151.jpg,-,-,-,0.0,NO FACE DETECTED
152.jpg,-,-,-,0.0,NO FACE DETECTED
153.jpg,-,-,-,0.0,NO FACE DETECTED
154.jpg,-,-,-,0.0,NO FACE DETECTED
155.jpg,-,-,-,0.0,NO FACE DETECTED
156.jpg,-,-,-,0.0,NO FACE DETECTED
157.jpg,-,-,-,0.0,NO FACE DETECTED
158.jpg,-,-,-,0.0,NO FACE DETECTED
159.jpg,-,-,-,0.0,NO FACE DETECTED
16.jpg,-,-,-,0.0,NO FACE DETECTED
160.jpg,-,-,-,0.0,NO FACE DETECTED
161.jpg,-,-,-,0.0,NO FACE DETECTED
162.jpg,-,-,-,0.0,NO FACE DETECTED
163.jpg,-,-,-,0.0,NO FACE DETECTED
164.jpg,-,-,-,0.0,NO FACE DETECTED
17.jpg,-,-,-,0.0,NO FACE DETECTED
18.jpg,-,-,-,0.0,NO FACE DETECTED
19.jpg,-,-,-,0.0,NO FACE DETECTED
2.jpg,-,-,-,0.0,NO FACE DETECTED
20.jpg,1,Dark spots,25-40,28.81999969482422,WRONG
21.jpg,-,-,-,0.0,NO FACE DETECTED
22.jpg,-,-,-,0.0,NO FACE DETECTED
23.jpg,-,-,-,0.0,NO FACE DETECTED
24.jpg,-,-,-,0.0,NO FACE DETECTED
25.jpg,-,-,-,0.0,NO FACE DETECTED
26.jpg,-,-,-,0.0,NO FACE DETECTED
27.jpg,-,-,-,0.0,NO FACE DETECTED
28.jpg,-,-,-,0.0,NO FACE DETECTED
29.jpg,-,-,-,0.0,NO FACE DETECTED
3.jpg,-,-,-,0.0,NO FACE DETECTED
30.jpg,-,-,-,0.0,NO FACE DETECTED
31.jpg,-,-,-,0.0,NO FACE DETECTED
32.jpg,-,-,-,0.0,NO FACE DETECTED
33.jpg,1,Dark spots,25-40,28.81999969482422,WRONG
34.jpg,-,-,-,0.0,NO FACE DETECTED
35.jpg,-,-,-,0.0,NO FACE DETECTED
36.jpg,-,-,-,0.0,NO FACE DETECTED
37.jpg,1,Dark spots,25-40,28.850000381469727,WRONG
38.jpg,1,Dark spots,25-40,28.829999923706055,WRONG
39.jpg,-,-,-,0.0,NO FACE DETECTED
4.jpg,1,Dark spots,25-40,28.81999969482422,WRONG
40.jpg,-,-,-,0.0,NO FACE DETECTED
41.jpg,-,-,-,0.0,NO FACE DETECTED
42.jpg,1,Dark spots,25-40,28.81999969482422,WRONG
43.jpg,-,-,-,0.0,NO FACE DETECTED
44.jpg,-,-,-,0.0,NO FACE DETECTED
45.jpg,-,-,-,0.0,NO FACE DETECTED
46.jpg,-,-,-,0.0,NO FACE DETECTED
47.jpg,-,-,-,0.0,NO FACE DETECTED
48.jpg,-,-,-,0.0,NO FACE DETECTED
49.jpg,1,Dark spots,25-40,28.850000381469727,WRONG
5.jpg,-,-,-,0.0,NO FACE DETECTED
50.jpg,-,-,-,0.0,NO FACE DETECTED
51.jpg,-,-,-,0.0,NO FACE DETECTED
52.jpg,-,-,-,0.0,NO FACE DETECTED
53.jpg,-,-,-,0.0,NO FACE DETECTED
54.jpg,-,-,-,0.0,NO FACE DETECTED
55.jpg,-,-,-,0.0,NO FACE DETECTED
56.jpg,-,-,-,0.0,NO FACE DETECTED
57.jpg,1,Dark spots,25-40,28.81999969482422,WRONG
58.jpg,1,Dark spots,25-40,28.829999923706055,WRONG
59.jpg,-,-,-,0.0,NO FACE DETECTED
6.jpg,-,-,-,0.0,NO FACE DETECTED
60.jpg,1,Dark spots,25-40,28.809999465942383,WRONG
62.jpg,-,-,-,0.0,NO FACE DETECTED
63.jpg,1,Dark spots,25-40,28.829999923706055,WRONG
64.jpg,-,-,-,0.0,NO FACE DETECTED
65.jpg,-,-,-,0.0,NO FACE DETECTED
66.jpg,-,-,-,0.0,NO FACE DETECTED
67.jpg,-,-,-,0.0,NO FACE DETECTED
68.jpg,-,-,-,0.0,NO FACE DETECTED
69.jpg,-,-,-,0.0,NO FACE DETECTED
7.jpg,-,-,-,0.0,NO FACE DETECTED
70.jpg,-,-,-,0.0,NO FACE DETECTED
71.jpg,1,Dark spots,25-40,28.81999969482422,WRONG
72.jpg,-,-,-,0.0,NO FACE DETECTED
73.jpg,-,-,-,0.0,NO FACE DETECTED
74.jpg,-,-,-,0.0,NO FACE DETECTED
75.jpg,-,-,-,0.0,NO FACE DETECTED
76.jpg,-,-,-,0.0,NO FACE DETECTED
77.jpg,-,-,-,0.0,NO FACE DETECTED
78.jpg,-,-,-,0.0,NO FACE DETECTED
79.jpg,-,-,-,0.0,NO FACE DETECTED
8.jpg,-,-,-,0.0,NO FACE DETECTED
80.jpg,-,-,-,0.0,NO FACE DETECTED
81.jpg,1,Dark spots,25-40,28.829999923706055,WRONG
82.jpg,-,-,-,0.0,NO FACE DETECTED
83.jpg,-,-,-,0.0,NO FACE DETECTED
84.jpg,1,Dark spots,25-40,28.809999465942383,WRONG
85.jpg,-,-,-,0.0,NO FACE DETECTED
86.jpg,1,Dark spots,25-40,28.829999923706055,WRONG
87.jpg,-,-,-,0.0,NO FACE DETECTED
88.jpg,-,-,-,0.0,NO FACE DETECTED
89.jpg,1,Dark spots,25-40,28.850000381469727,WRONG
9.jpg,-,-,-,0.0,NO FACE DETECTED
90.jpg,-,-,-,0.0,NO FACE DETECTED
91.jpg,1,Dark spots,25-40,28.84000015258789,WRONG
92.jpg,-,-,-,0.0,NO FACE DETECTED
93.jpg,-,-,-,0.0,NO FACE DETECTED
94.jpg,-,-,-,0.0,NO FACE DETECTED
95.jpg,-,-,-,0.0,NO FACE DETECTED
96.jpg,-,-,-,0.0,NO FACE DETECTED
97.jpg,-,-,-,0.0,NO FACE DETECTED
98.jpg,-,-,-,0.0,NO FACE DETECTED
99.jpg,-,-,-,0.0,NO FACE DETECTED
Image_1.jpg,-,-,-,0.0,NO FACE DETECTED
Image_101.jpg,1,Dark spots,25-40,28.829999923706055,WRONG
Image_103.jpg,-,-,-,0.0,NO FACE DETECTED
Image_106.jpg,-,-,-,0.0,NO FACE DETECTED
Image_108.jpg,-,-,-,0.0,NO FACE DETECTED
Image_109.jpg,1,Dark spots,25-40,28.809999465942383,WRONG
Image_110.jpg,-,-,-,0.0,NO FACE DETECTED
Image_113.jpg,-,-,-,0.0,NO FACE DETECTED
Image_118.jpg,-,-,-,0.0,NO FACE DETECTED
Image_119.jpg,1,Dark spots,25-40,28.829999923706055,WRONG
Image_119.jpg,2,Dark spots,25-40,28.829999923706055,WRONG
Image_123.jpg,-,-,-,0.0,NO FACE DETECTED
Image_124.jpg,1,Dark spots,25-40,28.829999923706055,WRONG
Image_124.jpg,2,Dark spots,25-40,28.84000015258789,WRONG
Image_131.png,1,Dark spots,25-40,28.829999923706055,WRONG
Image_132.jpg,-,-,-,0.0,NO FACE DETECTED
Image_134.jpg,-,-,-,0.0,NO FACE DETECTED
Image_136.jpg,-,-,-,0.0,NO FACE DETECTED
Image_138.jpg,-,-,-,0.0,NO FACE DETECTED
Image_14.jpg,1,Dark spots,25-40,28.829999923706055,WRONG
Image_140.jpg,-,-,-,0.0,NO FACE DETECTED
Image_145.jpg,-,-,-,0.0,NO FACE DETECTED
Image_152.jpg,-,-,-,0.0,NO FACE DETECTED
Image_157.png,1,Dark spots,25-40,28.829999923706055,WRONG
Image_158.jpg,1,Dark spots,25-40,28.829999923706055,WRONG
Image_16.jpg,-,-,-,0.0,NO FACE DETECTED
Image_160.jpg,-,-,-,0.0,NO FACE DETECTED
Image_161.jpg,-,-,-,0.0,NO FACE DETECTED
Image_162.jpg,-,-,-,0.0,NO FACE DETECTED
Image_164.jpg,-,-,-,0.0,NO FACE DETECTED
Image_168.jpg,-,-,-,0.0,NO FACE DETECTED
Image_169.jpg,-,-,-,0.0,NO FACE DETECTED
Image_17.jpg,-,-,-,0.0,NO FACE DETECTED
Image_173.jpg,-,-,-,0.0,NO FACE DETECTED
Image_176.png,-,-,-,0.0,NO FACE DETECTED
Image_179.jpg,-,-,-,0.0,NO FACE DETECTED
Image_18.jpg,-,-,-,0.0,NO FACE DETECTED
Image_185.jpg,-,-,-,0.0,NO FACE DETECTED
Image_186.jpg,-,-,-,0.0,NO FACE DETECTED
Image_190.jpg,-,-,-,0.0,NO FACE DETECTED
Image_192.jpg,1,Dark spots,25-40,28.829999923706055,WRONG
Image_193.jpg,-,-,-,0.0,NO FACE DETECTED
Image_198.jpg,-,-,-,0.0,NO FACE DETECTED
Image_2.png,-,-,-,0.0,NO FACE DETECTED
Image_20.jpg,-,-,-,0.0,NO FACE DETECTED
Image_200.jpg,-,-,-,0.0,NO FACE DETECTED
Image_201.jpg,-,-,-,0.0,NO FACE DETECTED
Image_203.jpg,-,-,-,0.0,NO FACE DETECTED
Image_204.jpg,1,Dark spots,25-40,28.809999465942383,WRONG
Image_205.jpg,-,-,-,0.0,NO FACE DETECTED
Image_206.jpg,-,-,-,0.0,NO FACE DETECTED
Image_209.jpg,1,Dark spots,25-40,28.84000015258789,WRONG
Image_209.jpg,2,Dark spots,25-40,28.850000381469727,WRONG
Image_209.jpg,3,Dark spots,25-40,28.829999923706055,WRONG
Image_209.jpg,4,Dark spots,25-40,28.829999923706055,WRONG
Image_210.jpg,1,Dark spots,25-40,28.829999923706055,WRONG
Image_211.png,-,-,-,0.0,NO FACE DETECTED
Image_212.jpg,-,-,-,0.0,NO FACE DETECTED
Image_213.jpg,1,Dark spots,25-40,28.790000915527344,WRONG
Image_214.jpg,1,Dark spots,25-40,28.81999969482422,WRONG
Image_215.jpg,-,-,-,0.0,NO FACE DETECTED
Image_216.jpg,-,-,-,0.0,NO FACE DETECTED
Image_217.jpg,-,-,-,0.0,NO FACE DETECTED
Image_218.jpg,-,-,-,0.0,NO FACE DETECTED
Image_220.jpg,-,-,-,0.0,NO FACE DETECTED
Image_222.jpg,-,-,-,0.0,NO FACE DETECTED
Image_223.jpg,-,-,-,0.0,NO FACE DETECTED
Image_225.jpg,1,Dark spots,25-40,28.84000015258789,WRONG
Image_227.jpg,1,Dark spots,25-40,28.84000015258789,WRONG
Image_228.jpg,1,Dark spots,25-40,28.81999969482422,WRONG
Image_229.jpg,-,-,-,0.0,NO FACE DETECTED
Image_230.jpg,-,-,-,0.0,NO FACE DETECTED
Image_232.jpg,-,-,-,0.0,NO FACE DETECTED
Image_249.jpg,-,-,-,0.0,NO FACE DETECTED
Image_25.jpg,-,-,-,0.0,NO FACE DETECTED
Image_253.jpg,-,-,-,0.0,NO FACE DETECTED
Image_259.jpg,1,Dark spots,25-40,28.829999923706055,WRONG
Image_261.jpg,-,-,-,0.0,NO FACE DETECTED
Image_265.jpg,1,Dark spots,25-40,28.829999923706055,WRONG
Image_268.jpg,1,Dark spots,25-40,28.84000015258789,WRONG
Image_27.jpg,1,Dark spots,25-40,28.81999969482422,WRONG
Image_270.jpg,-,-,-,0.0,NO FACE DETECTED
Image_271.jpg,1,Dark spots,25-40,28.809999465942383,WRONG
Image_272.jpg,-,-,-,0.0,NO FACE DETECTED
Image_273.jpg,-,-,-,0.0,NO FACE DETECTED
Image_276.jpg,-,-,-,0.0,NO FACE DETECTED
Image_279.jpg,-,-,-,0.0,NO FACE DETECTED
Image_281.jpg,1,Dark spots,25-40,28.81999969482422,WRONG
Image_284.jpg,-,-,-,0.0,NO FACE DETECTED
Image_285.jpg,-,-,-,0.0,NO FACE DETECTED
Image_286.jpg,-,-,-,0.0,NO FACE DETECTED
Image_288.jpg,1,Dark spots,25-40,28.84000015258789,WRONG
Image_288.jpg,2,Dark spots,25-40,28.799999237060547,WRONG
Image_289.jpg,-,-,-,0.0,NO FACE DETECTED
Image_29.jpg,-,-,-,0.0,NO FACE DETECTED
Image_291.png,-,-,-,0.0,NO FACE DETECTED
Image_292 - Copy.jpg,-,-,-,0.0,NO FACE DETECTED
Image_292.jpg,-,-,-,0.0,NO FACE DETECTED
Image_294.jpg,-,-,-,0.0,NO FACE DETECTED
Image_295.jpg,1,Dark spots,25-40,28.829999923706055,WRONG
Image_295.jpg,2,Dark spots,25-40,28.829999923706055,WRONG
Image_298.jpg,1,Dark spots,25-40,28.850000381469727,WRONG
Image_299.jpg,-,-,-,0.0,NO FACE DETECTED
Image_3.jpg,-,-,-,0.0,NO FACE DETECTED
Image_30.jpg,-,-,-,0.0,NO FACE DETECTED
Image_300.jpg,1,Dark spots,25-40,28.850000381469727,WRONG
Image_300.jpg,2,Dark spots,25-40,28.829999923706055,WRONG
Image_31.jpg,-,-,-,0.0,NO FACE DETECTED
Image_32.png,-,-,-,0.0,NO FACE DETECTED
Image_34.jpg,1,Dark spots,25-40,28.84000015258789,WRONG
Image_34.jpg,2,Dark spots,25-40,28.850000381469727,WRONG
Image_34.jpg,3,Dark spots,25-40,28.829999923706055,WRONG
Image_34.jpg,4,Dark spots,25-40,28.829999923706055,WRONG
Image_37.jpg,-,-,-,0.0,NO FACE DETECTED
Image_38.jpg,1,Dark spots,25-40,28.81999969482422,WRONG
Image_4.jpg,-,-,-,0.0,NO FACE DETECTED
Image_40.jpg,-,-,-,0.0,NO FACE DETECTED
Image_41.jpg,1,Dark spots,25-40,28.790000915527344,WRONG
Image_42.jpg,-,-,-,0.0,NO FACE DETECTED
Image_43.jpg,-,-,-,0.0,NO FACE DETECTED
Image_47.jpg,1,Dark spots,25-40,28.84000015258789,WRONG
Image_48.jpg,-,-,-,0.0,NO FACE DETECTED
Image_5.jpg,-,-,-,0.0,NO FACE DETECTED
Image_53.jpg,1,Dark spots,25-40,28.81999969482422,WRONG
Image_54.jpg,-,-,-,0.0,NO FACE DETECTED
Image_55.jpg,-,-,-,0.0,NO FACE DETECTED
Image_6.jpg,-,-,-,0.0,NO FACE DETECTED
Image_60.jpg,-,-,-,0.0,NO FACE DETECTED
Image_61.png,1,Dark spots,25-40,28.829999923706055,WRONG
Image_62.jpg,-,-,-,0.0,NO FACE DETECTED
Image_65.jpg,-,-,-,0.0,NO FACE DETECTED
Image_66.jpg,1,Dark spots,25-40,28.829999923706055,WRONG
Image_68.jpg,-,-,-,0.0,NO FACE DETECTED
Image_69.jpg,-,-,-,0.0,NO FACE DETECTED
Image_7.jpg,-,-,-,0.0,NO FACE DETECTED
Image_70.jpg,-,-,-,0.0,NO FACE DETECTED
Image_71.jpg,-,-,-,0.0,NO FACE DETECTED
Image_73.jpg,-,-,-,0.0,NO FACE DETECTED
Image_74.jpg,1,Dark spots,25-40,28.860000610351562,WRONG
Image_77.jpg,-,-,-,0.0,NO FACE DETECTED
Image_79.jpg,-,-,-,0.0,NO FACE DETECTED
Image_8.jpg,-,-,-,0.0,NO FACE DETECTED
Image_81.jpg,1,Dark spots,25-40,28.809999465942383,WRONG
Image_82.jpg,-,-,-,0.0,NO FACE DETECTED
Image_84.jpg,-,-,-,0.0,NO FACE DETECTED
Image_89.jpg,1,Dark spots,25-40,28.829999923706055,WRONG
Img_32.png,-,-,-,0.0,NO FACE DETECTED
Img_82.jpg,-,-,-,0.0,NO FACE DETECTED
1.jpg,1,Dark spots,25-40,28.84000015258789,WRONG
10.jpg,1,Dark spots,25-40,28.81999969482422,WRONG
100.jpg,-,-,-,0.0,NO FACE DETECTED
101.jpg,-,-,-,0.0,NO FACE DETECTED
102.jpg,1,Dark spots,25-40,28.81999969482422,WRONG
102.jpg,2,Dark spots,25-40,28.799999237060547,WRONG
103.jpg,-,-,-,0.0,NO FACE DETECTED
104.jpg,-,-,-,0.0,NO FACE DETECTED
105.jpg,-,-,-,0.0,NO FACE DETECTED
106.jpg,-,-,-,0.0,NO FACE DETECTED
107.jpg,-,-,-,0.0,NO FACE DETECTED
108.jpg,-,-,-,0.0,NO FACE DETECTED
109.jpg,1,Dark spots,25-40,28.829999923706055,WRONG
11.jpg,1,Dark spots,25-40,28.84000015258789,WRONG
110.jpg,-,-,-,0.0,NO FACE DETECTED
111.jpg,1,Dark spots,25-40,28.81999969482422,WRONG
112.jpg,1,Dark spots,25-40,28.829999923706055,WRONG
113.jpg,-,-,-,0.0,NO FACE DETECTED
114.jpg,1,Dark spots,25-40,28.829999923706055,WRONG
115.jpg,-,-,-,0.0,NO FACE DETECTED
117.jpg,-,-,-,0.0,NO FACE DETECTED
118.jpg,1,Dark spots,25-40,28.809999465942383,WRONG
119.jpg,-,-,-,0.0,NO FACE DETECTED
12.jpg,-,-,-,0.0,NO FACE DETECTED
120.jpg,-,-,-,0.0,NO FACE DETECTED
121.jpg,-,-,-,0.0,NO FACE DETECTED
122.jpg,-,-,-,0.0,NO FACE DETECTED
123.jpg,-,-,-,0.0,NO FACE DETECTED
124.jpg,1,Dark spots,25-40,28.84000015258789,WRONG
125.jpg,1,Dark spots,25-40,28.81999969482422,WRONG
125.jpg,2,Dark spots,25-40,28.850000381469727,WRONG
126.jpg,1,Dark spots,25-40,28.860000610351562,WRONG
127.jpg,1,Dark spots,25-40,28.829999923706055,WRONG
128.jpg,-,-,-,0.0,NO FACE DETECTED
129.jpg,-,-,-,0.0,NO FACE DETECTED
13.jpg,1,Dark spots,25-40,28.850000381469727,WRONG
13.jpg,2,Dark spots,25-40,28.809999465942383,WRONG
130.jpg,-,-,-,0.0,NO FACE DETECTED
131.jpg,-,-,-,0.0,NO FACE DETECTED
132.jpg,-,-,-,0.0,NO FACE DETECTED
133.jpg,1,Dark spots,25-40,28.790000915527344,WRONG
134.jpg,-,-,-,0.0,NO FACE DETECTED
135.jpg,-,-,-,0.0,NO FACE DETECTED
136.jpg,-,-,-,0.0,NO FACE DETECTED
137.jpg,1,Dark spots,25-40,28.84000015258789,WRONG
138.jpg,1,Dark spots,25-40,28.799999237060547,WRONG
138.jpg,2,Dark spots,25-40,28.809999465942383,WRONG
139.jpg,-,-,-,0.0,NO FACE DETECTED
14.jpg,-,-,-,0.0,NO FACE DETECTED
140.jpg,-,-,-,0.0,NO FACE DETECTED
141.jpg,-,-,-,0.0,NO FACE DETECTED
142.jpg,-,-,-,0.0,NO FACE DETECTED
143.jpg,-,-,-,0.0,NO FACE DETECTED
144.jpg,-,-,-,0.0,NO FACE DETECTED
145.jpg,-,-,-,0.0,NO FACE DETECTED
146.jpg,1,Dark spots,25-40,28.81999969482422,WRONG
147.jpg,-,-,-,0.0,NO FACE DETECTED
148.jpg,1,Dark spots,25-40,28.829999923706055,WRONG
149.jpg,-,-,-,0.0,NO FACE DETECTED
15.jpg,-,-,-,0.0,NO FACE DETECTED
150.jpg,-,-,-,0.0,NO FACE DETECTED
151.jpg,-,-,-,0.0,NO FACE DETECTED
152.jpg,-,-,-,0.0,NO FACE DETECTED
153.jpg,-,-,-,0.0,NO FACE DETECTED
154.jpg,-,-,-,0.0,NO FACE DETECTED
155.jpg,-,-,-,0.0,NO FACE DETECTED
156.jpg,-,-,-,0.0,NO FACE DETECTED
157.jpg,-,-,-,0.0,NO FACE DETECTED
158.jpg,-,-,-,0.0,NO FACE DETECTED
159.jpg,-,-,-,0.0,NO FACE DETECTED
16.jpg,-,-,-,0.0,NO FACE DETECTED
160.jpg,-,-,-,0.0,NO FACE DETECTED
161.jpg,-,-,-,0.0,NO FACE DETECTED
162.jpg,-,-,-,0.0,NO FACE DETECTED
163.jpg,1,Dark spots,25-40,28.81999969482422,WRONG
164.jpg,-,-,-,0.0,NO FACE DETECTED
165.jpg,-,-,-,0.0,NO FACE DETECTED
166.jpg,1,Dark spots,25-40,28.81999969482422,WRONG
167.jpg,-,-,-,0.0,NO FACE DETECTED
168.jpg,1,Dark spots,25-40,28.799999237060547,WRONG
169.jpg,-,-,-,0.0,NO FACE DETECTED
17.jpg,1,Dark spots,25-40,28.84000015258789,WRONG
170.jpg,-,-,-,0.0,NO FACE DETECTED
171.jpg,-,-,-,0.0,NO FACE DETECTED
172.jpg,1,Dark spots,25-40,28.81999969482422,WRONG
173.jpg,1,Dark spots,25-40,28.84000015258789,WRONG
174.jpg,-,-,-,0.0,NO FACE DETECTED
175.jpg,-,-,-,0.0,NO FACE DETECTED
176.jpg,1,Dark spots,25-40,28.829999923706055,WRONG
177.jpg,-,-,-,0.0,NO FACE DETECTED
178.jpg,1,Dark spots,25-40,28.84000015258789,WRONG
179.jpg,1,Dark spots,25-40,28.829999923706055,WRONG
18.jpg,-,-,-,0.0,NO FACE DETECTED
180.jpg,-,-,-,0.0,NO FACE DETECTED
181.jpg,-,-,-,0.0,NO FACE DETECTED
182.jpg,1,Dark spots,25-40,28.81999969482422,WRONG
183.jpg,-,-,-,0.0,NO FACE DETECTED
184.jpg,1,Dark spots,25-40,28.850000381469727,WRONG
185.jpg,-,-,-,0.0,NO FACE DETECTED
186.jpg,-,-,-,0.0,NO FACE DETECTED
187.jpg,1,Dark spots,25-40,28.81999969482422,WRONG
188.jpg,1,Dark spots,25-40,28.829999923706055,WRONG
189.jpg,1,Dark spots,25-40,28.829999923706055,WRONG
19.jpg,-,-,-,0.0,NO FACE DETECTED
190.jpg,-,-,-,0.0,NO FACE DETECTED
191.jpg,1,Dark spots,25-40,28.84000015258789,WRONG
192.jpg,-,-,-,0.0,NO FACE DETECTED
193.jpg,-,-,-,0.0,NO FACE DETECTED
194.jpg,-,-,-,0.0,NO FACE DETECTED
195.jpg,-,-,-,0.0,NO FACE DETECTED
196.jpg,1,Dark spots,25-40,28.84000015258789,WRONG
197.jpg,-,-,-,0.0,NO FACE DETECTED
198.jpg,-,-,-,0.0,NO FACE DETECTED
199.jpg,1,Dark spots,25-40,28.829999923706055,WRONG
2.jpg,1,Dark spots,25-40,28.81999969482422,WRONG
20.jpg,-,-,-,0.0,NO FACE DETECTED
200.jpg,-,-,-,0.0,NO FACE DETECTED
201.jpg,1,Dark spots,25-40,28.81999969482422,WRONG
202.jpg,1,Dark spots,25-40,28.81999969482422,WRONG
203.jpg,1,Dark spots,25-40,28.829999923706055,WRONG
204.jpg,-,-,-,0.0,NO FACE DETECTED
205.jpg,-,-,-,0.0,NO FACE DETECTED
206.jpg,-,-,-,0.0,NO FACE DETECTED
207.jpg,-,-,-,0.0,NO FACE DETECTED
208.jpg,-,-,-,0.0,NO FACE DETECTED
209.jpg,-,-,-,0.0,NO FACE DETECTED
21.jpg,-,-,-,0.0,NO FACE DETECTED
210.jpg,-,-,-,0.0,NO FACE DETECTED
211.jpg,-,-,-,0.0,NO FACE DETECTED
212.jpg,1,Dark spots,25-40,28.81999969482422,WRONG
213.jpg,-,-,-,0.0,NO FACE DETECTED
214.jpg,-,-,-,0.0,NO FACE DETECTED
215.jpg,1,Dark spots,25-40,28.84000015258789,WRONG
216.jpg,1,Dark spots,25-40,28.84000015258789,WRONG
217.jpg,1,Dark spots,25-40,28.829999923706055,WRONG
218.jpg,1,Dark spots,25-40,28.829999923706055,WRONG
218.jpg,2,Dark spots,25-40,28.84000015258789,WRONG
219.jpg,-,-,-,0.0,NO FACE DETECTED
22.jpg,-,-,-,0.0,NO FACE DETECTED
220.jpg,-,-,-,0.0,NO FACE DETECTED
221.jpg,1,Dark spots,25-40,28.81999969482422,WRONG
222.jpg,-,-,-,0.0,NO FACE DETECTED
223.jpg,-,-,-,0.0,NO FACE DETECTED
224.jpg,1,Dark spots,25-40,28.84000015258789,WRONG
224.jpg,2,Dark spots,25-40,28.850000381469727,WRONG
225.jpg,1,Dark spots,25-40,28.829999923706055,WRONG
226.jpg,1,Dark spots,25-40,28.829999923706055,WRONG
227.jpg,-,-,-,0.0,NO FACE DETECTED
228.jpg,1,Dark spots,25-40,28.829999923706055,WRONG
229.jpg,1,Dark spots,25-40,28.81999969482422,WRONG
23.jpg,-,-,-,0.0,NO FACE DETECTED
230.jpg,1,Dark spots,25-40,28.84000015258789,WRONG
231.jpg,-,-,-,0.0,NO FACE DETECTED
232.jpg,-,-,-,0.0,NO FACE DETECTED
233.jpg,1,Dark spots,25-40,28.829999923706055,WRONG
234.jpg,1,Dark spots,25-40,28.81999969482422,WRONG
235.jpg,-,-,-,0.0,NO FACE DETECTED
236.jpg,1,Dark spots,25-40,28.84000015258789,WRONG
237.jpg,-,-,-,0.0,NO FACE DETECTED
238.jpg,-,-,-,0.0,NO FACE DETECTED
239.jpg,-,-,-,0.0,NO FACE DETECTED
24.jpg,-,-,-,0.0,NO FACE DETECTED
240.jpg,-,-,-,0.0,NO FACE DETECTED
241.jpg,-,-,-,0.0,NO FACE DETECTED
242.jpg,-,-,-,0.0,NO FACE DETECTED
243.jpg,1,Dark spots,25-40,28.829999923706055,WRONG
244.jpg,-,-,-,0.0,NO FACE DETECTED
245.jpg,1,Dark spots,25-40,28.829999923706055,WRONG
246.jpg,1,Dark spots,25-40,28.81999969482422,WRONG
247.jpg,1,Dark spots,25-40,28.84000015258789,WRONG
248.jpg,1,Dark spots,25-40,28.81999969482422,WRONG
249.jpg,-,-,-,0.0,NO FACE DETECTED
25.jpg,1,Dark spots,25-40,28.799999237060547,WRONG
25.jpg,2,Dark spots,25-40,28.770000457763672,WRONG
250.jpg,-,-,-,0.0,NO FACE DETECTED
251.jpg,-,-,-,0.0,NO FACE DETECTED
252.jpg,1,Dark spots,25-40,28.81999969482422,WRONG
252.jpg,2,Dark spots,25-40,28.829999923706055,WRONG
253.jpg,1,Dark spots,25-40,28.829999923706055,WRONG
254.jpg,-,-,-,0.0,NO FACE DETECTED
255.jpg,1,Dark spots,25-40,28.829999923706055,WRONG
256.jpg,1,Dark spots,25-40,28.84000015258789,WRONG
26.jpg,-,-,-,0.0,NO FACE DETECTED
27.jpg,-,-,-,0.0,NO FACE DETECTED
28.jpg,-,-,-,0.0,NO FACE DETECTED
29.jpg,1,Dark spots,25-40,28.829999923706055,WRONG
3.jpg,-,-,-,0.0,NO FACE DETECTED
30.jpg,1,Dark spots,25-40,28.84000015258789,WRONG
31.jpg,-,-,-,0.0,NO FACE DETECTED
32.jpg,1,Dark spots,25-40,28.84000015258789,WRONG
33.jpg,-,-,-,0.0,NO FACE DETECTED
34.jpg,1,Dark spots,25-40,28.829999923706055,WRONG
35.jpg,-,-,-,0.0,NO FACE DETECTED
36.jpg,-,-,-,0.0,NO FACE DETECTED
37.jpg,-,-,-,0.0,NO FACE DETECTED
38.jpg,1,Dark spots,25-40,28.829999923706055,WRONG
39.jpg,-,-,-,0.0,NO FACE DETECTED
4.jpg,-,-,-,0.0,NO FACE DETECTED
40.jpg,1,Dark spots,25-40,28.84000015258789,WRONG
41.jpg,-,-,-,0.0,NO FACE DETECTED
42.jpg,-,-,-,0.0,NO FACE DETECTED
43.jpg,1,Dark spots,25-40,28.829999923706055,WRONG
44.jpg,-,-,-,0.0,NO FACE DETECTED
45.jpg,-,-,-,0.0,NO FACE DETECTED
46.jpg,-,-,-,0.0,NO FACE DETECTED
47.jpg,-,-,-,0.0,NO FACE DETECTED
48.jpg,-,-,-,0.0,NO FACE DETECTED
49.jpg,1,Dark spots,25-40,28.829999923706055,WRONG
5.jpg,1,Dark spots,25-40,28.850000381469727,WRONG
5.jpg,2,Dark spots,25-40,28.860000610351562,WRONG
50.jpg,1,Dark spots,25-40,28.829999923706055,WRONG
51.jpg,-,-,-,0.0,NO FACE DETECTED
52.jpg,1,Dark spots,25-40,28.850000381469727,WRONG
53.jpg,-,-,-,0.0,NO FACE DETECTED
54.jpg,1,Dark spots,25-40,28.84000015258789,WRONG
55.jpg,-,-,-,0.0,NO FACE DETECTED
56.jpg,-,-,-,0.0,NO FACE DETECTED
57.jpg,-,-,-,0.0,NO FACE DETECTED
58.jpg,-,-,-,0.0,NO FACE DETECTED
59.jpg,-,-,-,0.0,NO FACE DETECTED
6.jpg,-,-,-,0.0,NO FACE DETECTED
60.jpg,-,-,-,0.0,NO FACE DETECTED
61.jpg,1,Dark spots,25-40,28.829999923706055,WRONG
62.jpg,1,Dark spots,25-40,28.809999465942383,WRONG
63.jpg,-,-,-,0.0,NO FACE DETECTED
64.jpg,-,-,-,0.0,NO FACE DETECTED
65.jpg,1,Dark spots,25-40,28.829999923706055,WRONG
65.jpg,2,Dark spots,25-40,28.81999969482422,WRONG
66.jpg,-,-,-,0.0,NO FACE DETECTED
67.jpg,1,Dark spots,25-40,28.81999969482422,WRONG
67.jpg,2,Dark spots,25-40,28.770000457763672,WRONG
68.jpg,-,-,-,0.0,NO FACE DETECTED
69.jpg,-,-,-,0.0,NO FACE DETECTED
7.jpg,-,-,-,0.0,NO FACE DETECTED
70.jpg,1,Dark spots,25-40,28.81999969482422,WRONG
71.jpg,-,-,-,0.0,NO FACE DETECTED
72.jpg,-,-,-,0.0,NO FACE DETECTED
73.jpg,-,-,-,0.0,NO FACE DETECTED
74.jpg,-,-,-,0.0,NO FACE DETECTED
75.jpg,-,-,-,0.0,NO FACE DETECTED
76.jpg,-,-,-,0.0,NO FACE DETECTED
77.jpg,-,-,-,0.0,NO FACE DETECTED
78.jpg,-,-,-,0.0,NO FACE DETECTED
79.jpg,-,-,-,0.0,NO FACE DETECTED
8.jpg,-,-,-,0.0,NO FACE DETECTED
80.jpg,-,-,-,0.0,NO FACE DETECTED
81.jpg,-,-,-,0.0,NO FACE DETECTED
82.jpg,1,Dark spots,25-40,28.81999969482422,WRONG
83.jpg,-,-,-,0.0,NO FACE DETECTED
84.jpg,-,-,-,0.0,NO FACE DETECTED
85.jpg,-,-,-,0.0,NO FACE DETECTED
86.jpg,1,Dark spots,25-40,28.84000015258789,WRONG
87.jpg,-,-,-,0.0,NO FACE DETECTED
88.jpg,-,-,-,0.0,NO FACE DETECTED
89.jpg,-,-,-,0.0,NO FACE DETECTED
9.jpg,-,-,-,0.0,NO FACE DETECTED
90.jpg,-,-,-,0.0,NO FACE DETECTED
91.jpg,1,Dark spots,25-40,28.790000915527344,WRONG
92.jpg,1,Dark spots,25-40,28.809999465942383,WRONG
93.jpg,-,-,-,0.0,NO FACE DETECTED
94.jpg,1,Dark spots,25-40,28.850000381469727,WRONG
95.jpg,1,Dark spots,25-40,28.829999923706055,WRONG
95.jpg,2,Dark spots,25-40,28.829999923706055,WRONG
96.jpg,-,-,-,0.0,NO FACE DETECTED
97.jpg,1,Dark spots,25-40,28.829999923706055,WRONG
98.jpg,-,-,-,0.0,NO FACE DETECTED
99.jpg,-,-,-,0.0,NO FACE DETECTED
Image_1.jpg,-,-,-,0.0,NO FACE DETECTED
Image_10.jpg,-,-,-,0.0,NO FACE DETECTED
Image_104.jpg,-,-,-,0.0,NO FACE DETECTED
Image_105.jpg,1,Dark spots,25-40,28.829999923706055,WRONG
Image_109.jpg,-,-,-,0.0,NO FACE DETECTED
Image_110.jpg,1,Dark spots,25-40,28.829999923706055,WRONG
Image_110.jpg,2,Dark spots,25-40,28.829999923706055,WRONG
Image_12.jpg,-,-,-,0.0,NO FACE DETECTED
Image_125.jpg,-,-,-,0.0,NO FACE DETECTED
Image_128.jpg,1,Dark spots,25-40,28.84000015258789,WRONG
Image_128.jpg,2,Dark spots,25-40,28.84000015258789,WRONG
Image_128.jpg,3,Dark spots,25-40,28.829999923706055,WRONG
Image_128.jpg,4,Dark spots,25-40,28.84000015258789,WRONG
Image_128.jpg,5,Dark spots,25-40,28.850000381469727,WRONG
Image_13.jpg,-,-,-,0.0,NO FACE DETECTED
Image_14.png,1,Dark spots,25-40,28.84000015258789,WRONG
Image_147.jpg,-,-,-,0.0,NO FACE DETECTED
Image_148.png,-,-,-,0.0,NO FACE DETECTED
Image_149.jpg,1,Dark spots,25-40,28.829999923706055,WRONG
Image_149.jpg,2,Dark spots,25-40,28.809999465942383,WRONG
Image_150.jpg,1,Dark spots,25-40,28.809999465942383,WRONG
Image_150.jpg,2,Dark spots,25-40,28.799999237060547,WRONG
Image_150.jpg,3,Dark spots,25-40,28.829999923706055,WRONG
Image_150.jpg,4,Dark spots,25-40,28.81999969482422,WRONG
Image_153.jpg,1,Dark spots,25-40,28.829999923706055,WRONG
Image_159.jpg,-,-,-,0.0,NO FACE DETECTED
Image_160.png,1,Dark spots,25-40,28.84000015258789,WRONG
Image_163.jpg,1,Dark spots,25-40,28.84000015258789,WRONG
Image_166.jpg,1,Dark spots,25-40,28.850000381469727,WRONG
Image_168.jpg,-,-,-,0.0,NO FACE DETECTED
Image_169.jpg,1,Dark spots,25-40,28.809999465942383,WRONG
Image_169.jpg,2,Dark spots,25-40,28.809999465942383,WRONG
Image_170.jpg,-,-,-,0.0,NO FACE DETECTED
Image_172.jpg,1,Dark spots,25-40,28.84000015258789,WRONG
Image_174.jpg,1,Dark spots,25-40,28.84000015258789,WRONG
Image_177.jpg,1,Dark spots,25-40,28.81999969482422,WRONG
Image_179.jpg,1,Dark spots,25-40,28.829999923706055,WRONG
Image_181.png,1,Dark spots,25-40,28.829999923706055,WRONG
Image_181.png,2,Dark spots,25-40,28.829999923706055,WRONG
Image_219.jpg,1,Dark spots,25-40,28.84000015258789,WRONG
Image_221.jpg,1,Dark spots,25-40,28.84000015258789,WRONG
Image_232.png,1,Dark spots,25-40,28.829999923706055,WRONG
Image_257.jpg,1,Dark spots,25-40,28.829999923706055,WRONG
Image_257.jpg,2,Dark spots,25-40,28.829999923706055,WRONG
Image_261.jpg,-,-,-,0.0,NO FACE DETECTED
Image_266.jpg,-,-,-,0.0,NO FACE DETECTED
Image_268.jpg,-,-,-,0.0,NO FACE DETECTED
Image_269.jpg,-,-,-,0.0,NO FACE DETECTED
Image_278.jpg,-,-,-,0.0,NO FACE DETECTED
Image_290.jpg,1,Dark spots,25-40,28.829999923706055,WRONG
Image_290.jpg,2,Dark spots,25-40,28.829999923706055,WRONG
Image_56.png,-,-,-,0.0,NO FACE DETECTED
Image_58.jpg,-,-,-,0.0,NO FACE DETECTED
Image_61.jpg,1,Dark spots,25-40,28.829999923706055,WRONG
Image_73.jpg,1,Dark spots,25-40,28.81999969482422,WRONG
Image_78.jpg,1,Dark spots,25-40,28.829999923706055,WRONG
Image_78.jpg,2,Dark spots,25-40,28.799999237060547,WRONG
Imag_12.jpg,-,-,-,0.0,NO FACE DETECTED
Img_12.jpg,-,-,-,0.0,NO FACE DETECTED
